,id,species,specimen,lightness,complexity,link,credit,note
0,001_nig,nig,KPM-NR 27777,0.9850882003473175,0.23826071803891014,http://fishpix.kahaku.go.jp/fishimage-e/detail?PHOTO_ID=27777,FishPix,
1,002_nig,nig,KPM-NR 5168,0.9540175384929132,0.20469211370421025,http://fishpix.kahaku.go.jp/fishimage-e/detail?PHOTO_ID=5168,FishPix,
2,003_nig,nig,KPM-NR 19430,0.9483059418457649,0.2007030791308153,http://fishpix.kahaku.go.jp/fishimage-e/detail?PHOTO_ID=19430,FishPix,
3,004_nig,nig,KPM-NR 34865,0.9554013605442176,0.15992666213910323,http://fishpix.kahaku.go.jp/fishimage-e/detail?PHOTO_ID=34865,FishPix,
4,005_nig,nig,KPM-NR 28080,0.9742877937201081,0.19245045670480787,http://fishpix.kahaku.go.jp/fishimage-e/detail?PHOTO_ID=28080,FishPix,
5,006_nig,nig,KPM-NR 78595,0.9499957253996751,0.19207804913113913,http://fishpix.kahaku.go.jp/fishimage-e/detail?PHOTO_ID=78595,FishPix,
6,007_nig,nig,KPM-NR 22755,0.9744633972992182,0.22178849618605234,http://fishpix.kahaku.go.jp/fishimage-e/detail?PHOTO_ID=22755,FishPix,
7,008_nig,nig,KPM-NR 41694,0.9465077335281938,0.2870385279744473,http://fishpix.kahaku.go.jp/fishimage-e/detail?PHOTO_ID=41694,FishPix,
8,009_nig,nig,KPM-NR 32856,0.9687043529068069,0.16972413235282346,http://fishpix.kahaku.go.jp/fishimage-e/detail?PHOTO_ID=32856,FishPix,
9,010_nig,nig,KPM-NR 68408,0.9206334481844686,0.24210509541397895,http://fishpix.kahaku.go.jp/fishimage-e/detail?PHOTO_ID=68408,FishPix,
10,011_nig,nig,KPM-NR 108344,0.9300070771408351,0.294883160343962,http://fishpix.kahaku.go.jp/fishimage-e/detail?PHOTO_ID=108344,FishPix,
11,012_nig,nig,KPM-NR 85920,0.9704744397759103,0.22676219571103484,http://fishpix.kahaku.go.jp/fishimage-e/detail?PHOTO_ID=85920,FishPix,
12,013_nig,nig,KPM-NR 71932,0.9707152903355435,0.267831609043619,http://fishpix.kahaku.go.jp/fishimage-e/detail?PHOTO_ID=71932,FishPix,
13,014_nig,nig,KPM-NR 91554,0.937700224686526,0.25110587717789346,http://fishpix.kahaku.go.jp/fishimage-e/detail?PHOTO_ID=91554,FishPix,
14,015_nig,nig,KPM-NR 95310,0.9583533750200417,0.21135511301469412,http://fishpix.kahaku.go.jp/fishimage-e/detail?PHOTO_ID=95310,FishPix,
15,016_nig,nig,KPM-NR 69959,0.9697378173059107,0.3121220864754801,http://fishpix.kahaku.go.jp/fishimage-e/detail?PHOTO_ID=69959,FishPix,
16,017_ste,ste,KPM-NR 32850,0.6529993815708102,0.3847996808991092,http://fishpix.kahaku.go.jp/fishimage-e/detail?PHOTO_ID=32850,FishPix,
17,018_ste,ste,KAUM-I-66993,0.7573038229376257,0.23416756778985726,https://www.museum.kagoshima-u.ac.jp/,The Kagoshima University Museum,
18,019_ste,ste,KPM-NR 80614,0.5998956554733448,0.27803335780912597,http://fishpix.kahaku.go.jp/fishimage-e/detail?PHOTO_ID=80614,FishPix,
19,020_ste,ste,KPM-NR 81372,0.7290647790647791,0.2827655375039514,http://fishpix.kahaku.go.jp/fishimage-e/detail?PHOTO_ID=81372,FishPix,
20,021_ste,ste,KPM-NR 28416,0.8025645178706403,0.1933780979329519,http://fishpix.kahaku.go.jp/fishimage-e/detail?PHOTO_ID=28416,FishPix,
21,022_ste,ste,KPM-NR 60451,0.6003807106598984,0.3489922925687001,http://fishpix.kahaku.go.jp/fishimage-e/detail?PHOTO_ID=60451,FishPix,
22,023_ste,ste,Ar29_DSC07434.jpg,0.653500237304224,0.24062467287674105,,"Miyazawa, S.",
23,024_ste,ste,KPM-NR 73866,0.6717950746189948,0.27949834105659277,http://fishpix.kahaku.go.jp/fishimage-e/detail?PHOTO_ID=73866,FishPix,
24,025_ste,ste,KPM-NR 78855,0.6494879039378422,0.2859404952338921,http://fishpix.kahaku.go.jp/fishimage-e/detail?PHOTO_ID=78855,FishPix,
25,026_ste,ste,KPM-NR 61559,0.6166963947894708,0.3299899592129947,http://fishpix.kahaku.go.jp/fishimage-e/detail?PHOTO_ID=61559,FishPix,
26,027_ste,ste,KPM-NR 1060,0.7529411764705882,0.37087907630564165,http://fishpix.kahaku.go.jp/fishimage-e/detail?PHOTO_ID=1060,FishPix,
27,028_ste,ste,KPM-NR 71973,0.7266575361708105,0.34371943830924945,http://fishpix.kahaku.go.jp/fishimage-e/detail?PHOTO_ID=71973,FishPix,
28,029_ste,ste,KPM-NR 66765,0.5996131576320256,0.4395560577798969,http://fishpix.kahaku.go.jp/fishimage-e/detail?PHOTO_ID=66765,FishPix,
29,030_ste,ste,KAUM-I-65996,0.627762619372442,0.3585388576359124,https://www.museum.kagoshima-u.ac.jp/,The Kagoshima University Museum,
30,031_ste,ste,KAUM-I-52638,0.6617248410699292,0.27932336318689643,https://www.museum.kagoshima-u.ac.jp/,The Kagoshima University Museum,
31,032_map,map,1343295539_82.243.202.40.jpg,0.5786692376481108,0.900451887466888,https://www.fishbase.se/photos/UploadedBy.php?autoctr=15962,maridom,CC BY-NC 3.0 (https://creativecommons.org/licenses/by-nc/3.0/)
32,033_map,map,KPM-NR 72116,0.5404857016042103,0.7868001273962923,http://fishpix.kahaku.go.jp/fishimage-e/detail?PHOTO_ID=72116,FishPix,
33,034_map,map,KAUM-I-79930,0.6997598343685301,0.5655709459247731,https://www.museum.kagoshima-u.ac.jp/,The Kagoshima University Museum,
34,035_map,map,Armap_u3.jpg,0.7543245241175384,0.5750262032228652,https://www.fishbase.se/photos/PicturesSummary.php?StartRow=3&ID=7857&what=species&TotRec=6,"Randall, John E. ",CC BY-NC 3.0 (https://creativecommons.org/licenses/by-nc/3.0/)
35,036_map,map,Armap_u2.jpg,0.6442660098522167,0.6388006055718511,https://www.fishbase.se/photos/PicturesSummary.php?StartRow=2&ID=7857&what=species&TotRec=6,"Randall, John E. ",CC BY-NC 3.0 (https://creativecommons.org/licenses/by-nc/3.0/)
36,037_map,map,KPM-NR 69390,0.6140522875816994,0.6469024646005379,http://fishpix.kahaku.go.jp/fishimage-e/detail?PHOTO_ID=69390,FishPix,
37,038_map,map,KAUM-I-22222,0.6011267373961674,0.8567964051990153,https://www.museum.kagoshima-u.ac.jp/,The Kagoshima University Museum,
38,039_map,map,KPM-NR 87324,0.6810924369747898,0.7822397539162722,http://fishpix.kahaku.go.jp/fishimage-e/detail?PHOTO_ID=87324,FishPix,
39,040_map,map,KPM-NR 32839,0.4854180727409074,0.8459773092401897,http://fishpix.kahaku.go.jp/fishimage-e/detail?PHOTO_ID=32839,FishPix,
40,041_map,map,1481898774_188.114.102.52.jpg,0.5744433497536946,0.8175101010340119,https://www.fishbase.se/photos/UploadedBy.php?autoctr=28394,Trevor Meyer,CC BY-NC 3.0 (https://creativecommons.org/licenses/by-nc/3.0/)
41,042_map,map,KAUM-I-58588,0.6099644128113879,0.8844776526826588,https://www.museum.kagoshima-u.ac.jp/,The Kagoshima University Museum,
42,043_map,map,KPM-NR 85845,0.48055900621118014,0.725708121063952,http://fishpix.kahaku.go.jp/fishimage-e/detail?PHOTO_ID=85845,FishPix,
43,044_map,map,FRLM-35817,0.6229968145062484,0.8429543574806053,http://zaga.bio.mie-u.ac.jp/,Fisheries Research Laboratory Mie University,
44,045_map,map,KPM-NR 12934,0.7197159565580618,0.6184480123980209,http://fishpix.kahaku.go.jp/fishimage-e/detail?PHOTO_ID=12934,FishPix,
45,046_map,map,Armap_u4.jpg,0.7050539682539683,0.6598641431785035,https://www.fishbase.se/photos/PicturesSummary.php?StartRow=4&ID=7857&what=species&TotRec=6,"Randall, John E. ",CC BY-NC 3.0 (https://creativecommons.org/licenses/by-nc/3.0/)
46,047_map,map,KPM-NR 60775,0.4488597343699384,0.6859139779654619,http://fishpix.kahaku.go.jp/fishimage-e/detail?PHOTO_ID=60775,FishPix,
47,048_map,map,Armap_u0.jpg,0.5802454315059358,0.722383103158714,https://www.fishbase.se/photos/PicturesSummary.php?ID=7857&what=species,"Randall, John E. ",CC BY-NC 3.0 (https://creativecommons.org/licenses/by-nc/3.0/)
48,049_car,car,HUMZ-35438,0.5557451889310296,0.7717617859139894,https://doi.org/10.1007/s10228-016-0517-8,"Matsuura, K.",
49,050_car,car,NSMT-P-34460,0.637729536258948,0.8561029547770914,https://www.kahaku.go.jp/research/db/zoology/uodas/fish_in_focus/detective/skin/04.html,"Matsuura, K.",
50,051_mul,mul,KAUM-I-13606,0.35782865583456425,0.8868446286705676,https://doi.org/10.1007/s10228-016-0517-8,The Kagoshima University Museum,
51,052_mul,mul,Amul_RedSea.jpg,0.34872583954216607,0.9298180400587817,https://doi.org/10.1007/s10228-016-0517-8,"Field, R.",
52,053_mul,mul,NSMT-P-33528,0.5277142857142858,0.8209281403510986,https://doi.org/10.1007/s10228-016-0517-8,"Toda, M.",
53,054_mul,mul,Amul_Amami.jpg,0.4704606343444819,0.8402207707405902,https://doi.org/10.1007/s10228-016-0517-8,"Ito, K.",
54,055_mul,mul,MUFS-46817,0.4137721755368814,0.7685320512335512,https://doi.org/10.1007/s10228-016-0517-8,"Wada, M.",
55,056_ret,ret,Ar33_DSC07402.jpg,0.20510546500479385,0.3192224209622714,,"Miyazawa, S.",
56,057_ret,ret,Ar27_DSC07123.jpg,0.25926493108728943,0.40098779315776056,,"Miyazawa, S.",
57,058_ret,ret,Ar28_DSC07422.jpg,0.39752047315741584,0.39083884107936295,,"Miyazawa, S.",
58,059_ret,ret,BPBM-28931(JERandall2012).jpg,0.29605022451355395,0.622347121836593,https://www.researchgate.net/publication/291352425_Color_variation_of_the_puffer_Arothron_hispidus_Linnaeus_and_comparison_with_A_reticularis_Bloch_Schneider,"Randall, John E. ",
59,060_ret,ret,NIFREL,0.4385973017926446,0.5956536998582574,https://www.nifrel.jp/en/,"Miyazawa, S.",
60,061_ret,ret,CHURAUMI,0.34800070028011204,0.4698776845587813,https://churaumi.okinawa/en/fishbook/1508054053/,Okinawa Churaumi Aquarium,
61,062_ret,ret,KPM-NR 107147,0.3499869715327992,0.38214144373352943,http://fishpix.kahaku.go.jp/fishimage-e/detail?PHOTO_ID=107147,FishPix,
62,063_ret,ret,KPM-NR 94266,0.35477827995021943,0.26790545604248805,http://fishpix.kahaku.go.jp/fishimage-e/detail?PHOTO_ID=94266,FishPix,
63,064_ret,ret,BPBM-7431(JERandall2012).jpg,0.13238292554590897,0.2986433926788903,https://www.researchgate.net/publication/291352425_Color_variation_of_the_puffer_Arothron_hispidus_Linnaeus_and_comparison_with_A_reticularis_Bloch_Schneider,"Randall, John E. ",
64,065_ret,ret,KPM-NR 3219,0.06508967223252937,0.3369053906260734,http://fishpix.kahaku.go.jp/fishimage-e/detail?PHOTO_ID=3219,FishPix,
65,066_ret,ret,RFMyers_NewCaledonia(JERandall2012).jpg,0.22995959595959597,0.23863651998532287,https://www.researchgate.net/publication/291352425_Color_variation_of_the_puffer_Arothron_hispidus_Linnaeus_and_comparison_with_A_reticularis_Bloch_Schneider,"Myers, R. F.",
66,067_ret,ret,Ar30_DSC07447.jpg,0.3668552135402964,0.7174080472108707,,"Miyazawa, S.",
67,068_ret,ret,Ar32_DSC07381.jpg,0.2881100496186033,0.3669370520495243,,"Miyazawa, S.",
68,069_ret,ret,FRLM-30626,0.36014790764790766,0.3548377436729129,http://zaga.bio.mie-u.ac.jp/,Fisheries Research Laboratory Mie University,
69,070_fir,ret,KAIKYOKAN,0.5989351163942546,0.33380751458326285,http://www.kaikyokan.com/,Shimonoseki Marine Science Museum Kaikyokan,
70,071_fir,fir,KPM-NR 1964,0.17762665652146345,0.20999579288927028,http://fishpix.kahaku.go.jp/fishimage-e/detail?PHOTO_ID=1964,FishPix,
71,072_fir,fir,KAIKYOKAN,0.20189673622257892,0.19357597438319019,http://www.kaikyokan.com/,Shimonoseki Marine Science Museum Kaikyokan,
72,073_fir,fir,KPM-NR 15074,0.20567408781694496,0.26428387455351754,http://fishpix.kahaku.go.jp/fishimage-e/detail?PHOTO_ID=15074,FishPix,
73,074_fir,fir,KPM-NR 32855,0.17501740853821843,0.16606219935186606,http://fishpix.kahaku.go.jp/fishimage-e/detail?PHOTO_ID=32855,FishPix,
74,075_fir,fir,KPM-NR 57285,0.15623342878354013,0.30820755678906164,http://fishpix.kahaku.go.jp/fishimage-e/detail?PHOTO_ID=57285,FishPix,
75,076_fir,fir,KPM-NR 59194,0.11056930969108955,0.2283097898332589,http://fishpix.kahaku.go.jp/fishimage-e/detail?PHOTO_ID=59194,FishPix,
76,077_fir,fir,KPM-NR 45111,0.14879482657260434,0.29936765328593384,http://fishpix.kahaku.go.jp/fishimage-e/detail?PHOTO_ID=45111,FishPix,
77,078_fir,fir,KPM-NR 1899,0.1802573549935801,0.3106263187085204,http://fishpix.kahaku.go.jp/fishimage-e/detail?PHOTO_ID=1899,FishPix,
78,079_fir,fir,KPM-NR 45112,0.2281554790590935,0.2889905677837088,http://fishpix.kahaku.go.jp/fishimage-e/detail?PHOTO_ID=45112,FishPix,
79,080_fir,fir,KPM-NR 49477,0.20950396825396825,0.278100692884914,http://fishpix.kahaku.go.jp/fishimage-e/detail?PHOTO_ID=49477,FishPix,
80,081_fir,fir,KPM-NR 21649,0.17765180146132525,0.3675233406940548,http://fishpix.kahaku.go.jp/fishimage-e/detail?PHOTO_ID=21649,FishPix,
81,082_fir,fir,KPM-NR 49481,0.15858740811760946,0.2983367704186216,http://fishpix.kahaku.go.jp/fishimage-e/detail?PHOTO_ID=49481,FishPix,
82,083_fir,fir,KPM-NR 10399,0.1355191256830601,0.2709944218815884,http://fishpix.kahaku.go.jp/fishimage-e/detail?PHOTO_ID=10399,FishPix,
83,084_fir,fir,KPM-NR 44340,0.07214166368301707,0.20946928523808273,http://fishpix.kahaku.go.jp/fishimage-e/detail?PHOTO_ID=44340,FishPix,
84,085_fir,fir,KPM-NR 45110,0.22638681126901022,0.3739913922320499,http://fishpix.kahaku.go.jp/fishimage-e/detail?PHOTO_ID=45110,FishPix,
85,086_fir,fir,KPM-NR 73317,0.1621055167429535,0.2360464789192933,http://fishpix.kahaku.go.jp/fishimage-e/detail?PHOTO_ID=73317,FishPix,
86,087_fir,fir,KPM-NR 73388,0.17272003917248133,0.21602853113439757,http://fishpix.kahaku.go.jp/fishimage-e/detail?PHOTO_ID=73388,FishPix,
87,088_fir,fir,KPM-NR 24440,0.19298405929535994,0.20416415385103326,http://fishpix.kahaku.go.jp/fishimage-e/detail?PHOTO_ID=24440,FishPix,
88,089_fir,fir,KPM-NR 473,0.18084082361190795,0.30538575931202616,http://fishpix.kahaku.go.jp/fishimage-e/detail?PHOTO_ID=473,FishPix,
89,090_mel,mel,KPM-NR 81373,0.10631115459882583,0.18789421898962955,http://fishpix.kahaku.go.jp/fishimage-e/detail?PHOTO_ID=81373,FishPix,
90,091_mel,mel,KPM-NR 165827,0.25888091500336396,0.2022836359414797,http://fishpix.kahaku.go.jp/fishimage-e/detail?PHOTO_ID=165827,FishPix,
91,092_mel,mel,KPM-NR 23460,0.161014911014911,0.14120242379133907,http://fishpix.kahaku.go.jp/fishimage-e/detail?PHOTO_ID=23460,FishPix,
92,093_mel,mel,KPM-NR 93121,0.12262221377912867,0.2676645873091078,http://fishpix.kahaku.go.jp/fishimage-e/detail?PHOTO_ID=93121,FishPix,
93,094_mel,mel,KPM-NR 31370,0.17399786780383797,0.1474514695891631,http://fishpix.kahaku.go.jp/fishimage-e/detail?PHOTO_ID=31370,FishPix,
94,095_mel,mel,KPM-NR 13299,0.21308906982482112,0.19178146589355682,http://fishpix.kahaku.go.jp/fishimage-e/detail?PHOTO_ID=13299,FishPix,
95,096_mel,mel,KPM-NR 31371,0.3190694626474443,0.3287956620452924,http://fishpix.kahaku.go.jp/fishimage-e/detail?PHOTO_ID=31371,FishPix,
96,097_mel,mel,KPM-NR 36857,0.18163265306122447,0.18492903806819194,http://fishpix.kahaku.go.jp/fishimage-e/detail?PHOTO_ID=36857,FishPix,
97,098_mel,mel,KPM-NR 6802,0.12638381668456855,0.20749904560716437,http://fishpix.kahaku.go.jp/fishimage-e/detail?PHOTO_ID=6802,FishPix,
98,099_mel,mel,KPM-NR 34455,0.18822570123939986,0.17575288396833355,http://fishpix.kahaku.go.jp/fishimage-e/detail?PHOTO_ID=34455,FishPix,
99,100_mel,mel,KPM-NR 31369,0.19350230414746544,0.26445832545343495,http://fishpix.kahaku.go.jp/fishimage-e/detail?PHOTO_ID=31369,FishPix,
100,101_mel,mel,KPM-NR 19470,0.1835773439810707,0.1822488062921399,http://fishpix.kahaku.go.jp/fishimage-e/detail?PHOTO_ID=19470,FishPix,
101,102_his,his,KPM-NR 26310,0.19606138444312718,0.2322505776499315,http://fishpix.kahaku.go.jp/fishimage-e/detail?PHOTO_ID=26310,FishPix,
102,103_his,his,KPM-NR 107899,0.11453065341113752,0.3095667889003436,http://fishpix.kahaku.go.jp/fishimage-e/detail?PHOTO_ID=107899,FishPix,
103,104_his,his,KPM-NR 32437,0.12175419728744698,0.2846130394255919,http://fishpix.kahaku.go.jp/fishimage-e/detail?PHOTO_ID=32437,FishPix,
104,105_his,his,KPM-NR 71308,0.08578763983128553,0.22201320937685343,http://fishpix.kahaku.go.jp/fishimage-e/detail?PHOTO_ID=71308,FishPix,
105,106_his,his,KPM-NR 13957,0.047003994673768305,0.23272983029971994,http://fishpix.kahaku.go.jp/fishimage-e/detail?PHOTO_ID=13957,FishPix,
106,107_his,his,KPM-NR 48571,0.11575360419397117,0.285879436715028,http://fishpix.kahaku.go.jp/fishimage-e/detail?PHOTO_ID=48571,FishPix,
107,108_his,his,KPM-NR 72074,0.07541649312786339,0.247134711751947,http://fishpix.kahaku.go.jp/fishimage-e/detail?PHOTO_ID=72074,FishPix,
108,109_his,his,KPM-NR 15213,0.108062029294906,0.18255271142649476,http://fishpix.kahaku.go.jp/fishimage-e/detail?PHOTO_ID=15213,FishPix,
109,110_his,his,KPM-NR 85961,0.06704123509869064,0.17867936578731491,http://fishpix.kahaku.go.jp/fishimage-e/detail?PHOTO_ID=85961,FishPix,
110,111_his,his,KPM-NR 8308,0.12076365663322185,0.2598501331194988,http://fishpix.kahaku.go.jp/fishimage-e/detail?PHOTO_ID=8308,FishPix,
111,112_his,his,KPM-NR 82429,0.14515787447054293,0.20872644761950765,http://fishpix.kahaku.go.jp/fishimage-e/detail?PHOTO_ID=82429,FishPix,
112,113_his,his,KPM-NR 2462,0.10096966205837174,0.17034286910526575,http://fishpix.kahaku.go.jp/fishimage-e/detail?PHOTO_ID=2462,FishPix,
113,114_his,his,KPM-NR 49315,0.14510339303917286,0.22617225955467246,http://fishpix.kahaku.go.jp/fishimage-e/detail?PHOTO_ID=49315,FishPix,
114,115_his,his,KPM-NR 49360,0.07387407913723704,0.2550847840623689,http://fishpix.kahaku.go.jp/fishimage-e/detail?PHOTO_ID=49360,FishPix,
115,116_his,his,KPM-NR 72032,0.08122074517880547,0.2442046329783033,http://fishpix.kahaku.go.jp/fishimage-e/detail?PHOTO_ID=72032,FishPix,
116,117_his,his,KPM-NR 107143,0.06519290435721031,0.16275689874935073,http://fishpix.kahaku.go.jp/fishimage-e/detail?PHOTO_ID=107143,FishPix,
117,118_his,his,KPM-NR 107144,0.09113997113997113,0.1960097769517969,http://fishpix.kahaku.go.jp/fishimage-e/detail?PHOTO_ID=107144,FishPix,
118,119_his,his,KPM-NR 85847,0.0951958922416825,0.17300262849008685,http://fishpix.kahaku.go.jp/fishimage-e/detail?PHOTO_ID=85847,FishPix,
119,120_his,his,KPM-NR 107145,0.11779656552886641,0.25558785945945384,http://fishpix.kahaku.go.jp/fishimage-e/detail?PHOTO_ID=107145,FishPix,
120,uni_000,sim_uni,MB_1_A0.1062_C-0.100,0.0024603174603174604,0.15141878842948986,,,
121,uni_001,sim_uni,MB_1_A0.1086_C-0.100,0.005833333333333335,0.15959257796599513,,,
122,uni_002,sim_uni,MB_1_A0.1110_C-0.100,0.04032879818594105,0.17117364011292058,,,
123,uni_003,sim_uni,MB_1_A0.1134_C-0.100,0.05725056689342404,0.18487683371191432,,,
124,uni_004,sim_uni,MB_1_A0.1159_C-0.100,0.09038548752834467,0.18896630235081333,,,
125,uni_005,sim_uni,MB_1_A0.1183_C-0.100,0.15421201814058955,0.2234552498116481,,,
126,uni_006,sim_uni,MB_1_A0.1207_C-0.100,0.20136621315192746,0.2928197027630707,,,
127,uni_007,sim_uni,MB_1_A0.1231_C-0.100,0.2616893424036281,0.3566085035145085,,,
128,uni_008,sim_uni,MB_1_A0.1255_C-0.100,0.2840816326530612,0.43854108656888136,,,
129,uni_009,sim_uni,MB_1_A0.1279_C-0.100,0.3204931972789116,0.4842334371532669,,,
130,uni_010,sim_uni,MB_1_A0.1303_C-0.100,0.3525453514739229,0.5384812689135391,,,
131,uni_011,sim_uni,MB_1_A0.1328_C-0.100,0.3886054421768708,0.7158656074337721,,,
132,uni_012,sim_uni,MB_1_A0.1352_C-0.100,0.4049092970521542,0.7517038307930659,,,
133,uni_013,sim_uni,MB_1_A0.1376_C-0.100,0.4514569160997732,0.7880401014728694,,,
134,uni_014,sim_uni,MB_1_A0.1400_C-0.100,0.4593424036281179,0.8256135273985498,,,
135,uni_015,sim_uni,MB_1_A0.1038_C-0.083,0.007125850340136054,0.13765461102048748,,,
136,uni_016,sim_uni,MB_1_A0.1062_C-0.083,0.0514172335600907,0.147617189927995,,,
137,uni_017,sim_uni,MB_1_A0.1086_C-0.083,0.10047052154195013,0.19480753628860906,,,
138,uni_018,sim_uni,MB_1_A0.1110_C-0.083,0.14908730158730155,0.19966555920615647,,,
139,uni_019,sim_uni,MB_1_A0.1134_C-0.083,0.20237528344671202,0.25976877840592616,,,
140,uni_020,sim_uni,MB_1_A0.1159_C-0.083,0.2379308390022676,0.3025296770647469,,,
141,uni_021,sim_uni,MB_1_A0.1183_C-0.083,0.2663265306122449,0.34610457086088586,,,
142,uni_022,sim_uni,MB_1_A0.1207_C-0.083,0.2995124716553288,0.4290750049460651,,,
143,uni_023,sim_uni,MB_1_A0.1231_C-0.083,0.3222165532879819,0.4668037494012013,,,
144,uni_024,sim_uni,MB_1_A0.1255_C-0.083,0.3462244897959184,0.5007543918775437,,,
145,uni_025,sim_uni,MB_1_A0.1279_C-0.083,0.3749546485260771,0.6303903162398763,,,
146,uni_026,sim_uni,MB_1_A0.1303_C-0.083,0.40760204081632656,0.6679223219789763,,,
147,uni_027,sim_uni,MB_1_A0.1328_C-0.083,0.4293424036281179,0.6767807271326026,,,
148,uni_028,sim_uni,MB_1_A0.1352_C-0.083,0.468843537414966,0.7749857172122184,,,
149,uni_029,sim_uni,MB_1_A0.1376_C-0.083,0.4860714285714286,0.8357409503577267,,,
150,uni_030,sim_uni,MB_1_A0.1400_C-0.083,0.5239852607709751,0.8480874822175314,,,
151,uni_031,sim_uni,MB_1_A0.0990_C-0.066,0.03123015873015873,0.19798050984063964,,,
152,uni_032,sim_uni,MB_1_A0.1014_C-0.066,0.08870181405895691,0.16430205778741047,,,
153,uni_033,sim_uni,MB_1_A0.1038_C-0.066,0.1433843537414966,0.19866756428932875,,,
154,uni_034,sim_uni,MB_1_A0.1062_C-0.066,0.20483560090702949,0.21588849411665634,,,
155,uni_035,sim_uni,MB_1_A0.1086_C-0.066,0.2188265306122449,0.2209853820383133,,,
156,uni_036,sim_uni,MB_1_A0.1110_C-0.066,0.2613888888888889,0.3215955362826213,,,
157,uni_037,sim_uni,MB_1_A0.1134_C-0.066,0.28536281179138323,0.32755632307492466,,,
158,uni_038,sim_uni,MB_1_A0.1159_C-0.066,0.3012641723356009,0.3278536692372109,,,
159,uni_039,sim_uni,MB_1_A0.1183_C-0.066,0.3328968253968254,0.4551108854618956,,,
160,uni_040,sim_uni,MB_1_A0.1207_C-0.066,0.351609977324263,0.5531781514996674,,,
161,uni_041,sim_uni,MB_1_A0.1231_C-0.066,0.3894387755102041,0.5799220211282246,,,
162,uni_042,sim_uni,MB_1_A0.1255_C-0.066,0.3995804988662132,0.6935830890310735,,,
163,uni_043,sim_uni,MB_1_A0.1279_C-0.066,0.4291893424036281,0.7041930349008481,,,
164,uni_044,sim_uni,MB_1_A0.1303_C-0.066,0.46417233560090704,0.7404662237571017,,,
165,uni_045,sim_uni,MB_1_A0.1328_C-0.066,0.4692913832199546,0.7549335625720663,,,
166,uni_046,sim_uni,MB_1_A0.1352_C-0.066,0.5127834467120181,0.8463715891758772,,,
167,uni_047,sim_uni,MB_1_A0.1376_C-0.066,0.546014739229025,0.7650426613486535,,,
168,uni_048,sim_uni,MB_1_A0.1400_C-0.066,0.5652097505668935,0.7608667968900058,,,
169,uni_049,sim_uni,MB_1_A0.0917_C-0.048,0.027647392290249432,0.15728193223899326,,,
170,uni_050,sim_uni,MB_1_A0.0941_C-0.048,0.08705215419501132,0.16693597533091953,,,
171,uni_051,sim_uni,MB_1_A0.0966_C-0.048,0.1521031746031746,0.16578204817170838,,,
172,uni_052,sim_uni,MB_1_A0.0990_C-0.048,0.19665532879818595,0.20118405022791894,,,
173,uni_053,sim_uni,MB_1_A0.1014_C-0.048,0.2262358276643991,0.2318583811717755,,,
174,uni_054,sim_uni,MB_1_A0.1038_C-0.048,0.2531179138321996,0.2561246607465465,,,
175,uni_055,sim_uni,MB_1_A0.1062_C-0.048,0.29715986394557825,0.3808349759826708,,,
176,uni_056,sim_uni,MB_1_A0.1086_C-0.048,0.3087925170068027,0.4044481250417276,,,
177,uni_057,sim_uni,MB_1_A0.1110_C-0.048,0.31780045351473923,0.3626076369246556,,,
178,uni_058,sim_uni,MB_1_A0.1134_C-0.048,0.3358390022675737,0.4596149264792814,,,
179,uni_059,sim_uni,MB_1_A0.1159_C-0.048,0.3567063492063492,0.5527989088606924,,,
180,uni_060,sim_uni,MB_1_A0.1183_C-0.048,0.377687074829932,0.5323250647991844,,,
181,uni_061,sim_uni,MB_1_A0.1207_C-0.048,0.40524943310657596,0.5806498402196147,,,
182,uni_062,sim_uni,MB_1_A0.1231_C-0.048,0.4272902494331066,0.6896812508905356,,,
183,uni_063,sim_uni,MB_1_A0.1255_C-0.048,0.4607426303854875,0.8296683131267187,,,
184,uni_064,sim_uni,MB_1_A0.1279_C-0.048,0.4737018140589569,0.7599815770246049,,,
185,uni_065,sim_uni,MB_1_A0.1303_C-0.048,0.4909410430839002,0.8347069518447401,,,
186,uni_066,sim_uni,MB_1_A0.1328_C-0.048,0.5285997732426304,0.7873859247284677,,,
187,uni_067,sim_uni,MB_1_A0.1352_C-0.048,0.5601360544217687,0.7499824109761797,,,
188,uni_068,sim_uni,MB_1_A0.1376_C-0.048,0.6118140589569161,0.6692948603686306,,,
189,uni_069,sim_uni,MB_1_A0.1400_C-0.048,0.6421145124716554,0.6277451915481571,,,
190,uni_070,sim_uni,MB_1_A0.0821_C-0.031,0.0068197278911564605,0.11490145241940974,,,
191,uni_071,sim_uni,MB_1_A0.0845_C-0.031,0.0677437641723356,0.13565083620928695,,,
192,uni_072,sim_uni,MB_1_A0.0869_C-0.031,0.1267517006802721,0.14733056014064771,,,
193,uni_073,sim_uni,MB_1_A0.0893_C-0.031,0.16952380952380952,0.17302044067070832,,,
194,uni_074,sim_uni,MB_1_A0.0917_C-0.031,0.21185374149659866,0.24755645440317864,,,
195,uni_075,sim_uni,MB_1_A0.0941_C-0.031,0.2136394557823129,0.2354994180025653,,,
196,uni_076,sim_uni,MB_1_A0.0966_C-0.031,0.25017573696145123,0.24412886061492176,,,
197,uni_077,sim_uni,MB_1_A0.0990_C-0.031,0.2671485260770975,0.2349898528737677,,,
198,uni_078,sim_uni,MB_1_A0.1014_C-0.031,0.2928911564625851,0.3564843761930814,,,
199,uni_079,sim_uni,MB_1_A0.1038_C-0.031,0.3136848072562358,0.3977776106682277,,,
200,uni_080,sim_uni,MB_1_A0.1062_C-0.031,0.33593537414965985,0.4238363537221024,,,
201,uni_081,sim_uni,MB_1_A0.1086_C-0.031,0.34598639455782315,0.4751024402898944,,,
202,uni_082,sim_uni,MB_1_A0.1110_C-0.031,0.3623696145124717,0.5094159760165986,,,
203,uni_083,sim_uni,MB_1_A0.1134_C-0.031,0.3783956916099773,0.5658080535865608,,,
204,uni_084,sim_uni,MB_1_A0.1159_C-0.031,0.4070975056689342,0.5780412375135093,,,
205,uni_085,sim_uni,MB_1_A0.1183_C-0.031,0.4255895691609977,0.7126655811679794,,,
206,uni_086,sim_uni,MB_1_A0.1207_C-0.031,0.4509297052154195,0.8103040116472591,,,
207,uni_087,sim_uni,MB_1_A0.1231_C-0.031,0.4703628117913832,0.8565481068968056,,,
208,uni_088,sim_uni,MB_1_A0.1255_C-0.031,0.4958673469387755,0.8506125449515077,,,
209,uni_089,sim_uni,MB_1_A0.1279_C-0.031,0.5329195011337868,0.7661661466138214,,,
210,uni_090,sim_uni,MB_1_A0.1303_C-0.031,0.5613718820861678,0.7267111503524059,,,
211,uni_091,sim_uni,MB_1_A0.1328_C-0.031,0.5916099773242629,0.600072575112359,,,
212,uni_092,sim_uni,MB_1_A0.1352_C-0.031,0.6263718820861678,0.6355726592453435,,,
213,uni_093,sim_uni,MB_1_A0.1376_C-0.031,0.6665759637188209,0.578366286754156,,,
214,uni_094,sim_uni,MB_1_A0.1400_C-0.031,0.696422902494331,0.576855157243011,,,
215,uni_095,sim_uni,MB_1_A0.0700_C-0.014,0.12485260770975055,0.14289409456494107,,,
216,uni_096,sim_uni,MB_1_A0.0724_C-0.014,0.13708616780045352,0.1280817751191885,,,
217,uni_097,sim_uni,MB_1_A0.0748_C-0.014,0.14958049886621316,0.13567783656807342,,,
218,uni_098,sim_uni,MB_1_A0.0772_C-0.014,0.16370748299319726,0.13168446037931414,,,
219,uni_099,sim_uni,MB_1_A0.0797_C-0.014,0.1791269841269841,0.13722195209181265,,,
220,uni_100,sim_uni,MB_1_A0.0821_C-0.014,0.19113945578231287,0.14129697133713193,,,
221,uni_101,sim_uni,MB_1_A0.0845_C-0.014,0.2020578231292517,0.17339334155609964,,,
222,uni_102,sim_uni,MB_1_A0.0869_C-0.014,0.2140532879818594,0.1671696672160088,,,
223,uni_103,sim_uni,MB_1_A0.0893_C-0.014,0.2311904761904762,0.1925371512929613,,,
224,uni_104,sim_uni,MB_1_A0.0917_C-0.014,0.2520918367346939,0.2859360019900403,,,
225,uni_105,sim_uni,MB_1_A0.0941_C-0.014,0.2766609977324263,0.3250787166550587,,,
226,uni_106,sim_uni,MB_1_A0.0966_C-0.014,0.2903231292517007,0.33572533152145145,,,
227,uni_107,sim_uni,MB_1_A0.0990_C-0.014,0.31405328798185944,0.4544126151657673,,,
228,uni_108,sim_uni,MB_1_A0.1014_C-0.014,0.32629251700680273,0.3776236263999201,,,
229,uni_109,sim_uni,MB_1_A0.1038_C-0.014,0.3499603174603175,0.4139636481226079,,,
230,uni_110,sim_uni,MB_1_A0.1062_C-0.014,0.3732596371882087,0.5725059027223359,,,
231,uni_111,sim_uni,MB_1_A0.1086_C-0.014,0.3866723356009071,0.4997212378402965,,,
232,uni_112,sim_uni,MB_1_A0.1110_C-0.014,0.3988888888888889,0.6187409125682715,,,
233,uni_113,sim_uni,MB_1_A0.1134_C-0.014,0.4221145124716553,0.5555565428867643,,,
234,uni_114,sim_uni,MB_1_A0.1159_C-0.014,0.4519160997732426,0.7172952301504786,,,
235,uni_115,sim_uni,MB_1_A0.1183_C-0.014,0.4689115646258504,0.6998011215730996,,,
236,uni_116,sim_uni,MB_1_A0.1207_C-0.014,0.4779081632653062,0.8297562129932615,,,
237,uni_117,sim_uni,MB_1_A0.1231_C-0.014,0.5215759637188209,0.8293052493018411,,,
238,uni_118,sim_uni,MB_1_A0.1255_C-0.014,0.5425113378684807,0.7658036533467052,,,
239,uni_119,sim_uni,MB_1_A0.1279_C-0.014,0.5807653061224489,0.7378237477569092,,,
240,uni_120,sim_uni,MB_1_A0.1303_C-0.014,0.6048299319727891,0.7078530763802671,,,
241,uni_121,sim_uni,MB_1_A0.1328_C-0.014,0.6637358276643991,0.5748439719292915,,,
242,uni_122,sim_uni,MB_1_A0.1352_C-0.014,0.6965702947845805,0.5030565936660183,,,
243,uni_123,sim_uni,MB_1_A0.1376_C-0.014,0.7439002267573697,0.447491815662601,,,
244,uni_124,sim_uni,MB_1_A0.1400_C-0.014,0.7943934240362812,0.3579938315565424,,,
245,uni_125,sim_uni,MB_1_A0.0700_C0.003,0.21764172335600904,0.1978456878692836,,,
246,uni_126,sim_uni,MB_1_A0.0724_C0.003,0.1987301587301588,0.14002733233783604,,,
247,uni_127,sim_uni,MB_1_A0.0748_C0.003,0.20594104308390024,0.1395047989407322,,,
248,uni_128,sim_uni,MB_1_A0.0772_C0.003,0.2066950113378685,0.14638645984841936,,,
249,uni_129,sim_uni,MB_1_A0.0797_C0.003,0.229812925170068,0.14253088728926555,,,
250,uni_130,sim_uni,MB_1_A0.0821_C0.003,0.2309863945578232,0.1486866041137619,,,
251,uni_131,sim_uni,MB_1_A0.0845_C0.003,0.2396825396825397,0.1746132702985871,,,
252,uni_132,sim_uni,MB_1_A0.0869_C0.003,0.2527040816326531,0.1719831942778437,,,
253,uni_133,sim_uni,MB_1_A0.0893_C0.003,0.2675453514739229,0.22364179774036552,,,
254,uni_134,sim_uni,MB_1_A0.0917_C0.003,0.2919671201814059,0.2974815690205304,,,
255,uni_135,sim_uni,MB_1_A0.0941_C0.003,0.3153684807256236,0.3385252908266652,,,
256,uni_136,sim_uni,MB_1_A0.0966_C0.003,0.3342743764172335,0.4041840659855637,,,
257,uni_137,sim_uni,MB_1_A0.0990_C0.003,0.3465532879818594,0.3665880893590108,,,
258,uni_138,sim_uni,MB_1_A0.1014_C0.003,0.3603401360544218,0.4355475263366804,,,
259,uni_139,sim_uni,MB_1_A0.1038_C0.003,0.3910090702947846,0.4663806237397248,,,
260,uni_140,sim_uni,MB_1_A0.1062_C0.003,0.4069501133786848,0.4916360777267094,,,
261,uni_141,sim_uni,MB_1_A0.1086_C0.003,0.4225,0.6204850136990743,,,
262,uni_142,sim_uni,MB_1_A0.1110_C0.003,0.4586167800453514,0.7375811187325072,,,
263,uni_143,sim_uni,MB_1_A0.1134_C0.003,0.4691043083900227,0.8391486967465264,,,
264,uni_144,sim_uni,MB_1_A0.1159_C0.003,0.4727891156462585,0.8198359650890757,,,
265,uni_145,sim_uni,MB_1_A0.1183_C0.003,0.5045068027210885,0.8253441902633767,,,
266,uni_146,sim_uni,MB_1_A0.1207_C0.003,0.5297675736961451,0.8105300757942142,,,
267,uni_147,sim_uni,MB_1_A0.1231_C0.003,0.5655952380952379,0.6883740636335896,,,
268,uni_148,sim_uni,MB_1_A0.1255_C0.003,0.5960147392290249,0.6171913226780051,,,
269,uni_149,sim_uni,MB_1_A0.1279_C0.003,0.6365702947845805,0.614353103593245,,,
270,uni_150,sim_uni,MB_1_A0.1303_C0.003,0.6922165532879818,0.4564758948447185,,,
271,uni_151,sim_uni,MB_1_A0.1328_C0.003,0.7421201814058958,0.4548874263075154,,,
272,uni_152,sim_uni,MB_1_A0.1352_C0.003,0.8028174603174604,0.4224737260466277,,,
273,uni_153,sim_uni,MB_1_A0.1376_C0.003,0.837874149659864,0.3976882432931812,,,
274,uni_154,sim_uni,MB_1_A0.1400_C0.003,0.8999943310657597,0.3283306223794153,,,
275,uni_155,sim_uni,MB_1_A0.0700_C0.021,0.252624716553288,0.1930555932698853,,,
276,uni_156,sim_uni,MB_1_A0.0724_C0.021,0.2353684807256236,0.13213226818872592,,,
277,uni_157,sim_uni,MB_1_A0.0748_C0.021,0.2459183673469388,0.15486672858212658,,,
278,uni_158,sim_uni,MB_1_A0.0772_C0.021,0.2392857142857143,0.14999017991802754,,,
279,uni_159,sim_uni,MB_1_A0.0797_C0.021,0.25089002267573696,0.14993755640648732,,,
280,uni_160,sim_uni,MB_1_A0.0821_C0.021,0.2607482993197279,0.16855939430183264,,,
281,uni_161,sim_uni,MB_1_A0.0845_C0.021,0.2689399092970521,0.1587394967028748,,,
282,uni_162,sim_uni,MB_1_A0.0869_C0.021,0.28557823129251697,0.25549516883548506,,,
283,uni_163,sim_uni,MB_1_A0.0893_C0.021,0.3122278911564626,0.25613305471667336,,,
284,uni_164,sim_uni,MB_1_A0.0917_C0.021,0.3233956916099773,0.3201522018264165,,,
285,uni_165,sim_uni,MB_1_A0.0941_C0.021,0.3540646258503401,0.38158500068191403,,,
286,uni_166,sim_uni,MB_1_A0.0966_C0.021,0.3811281179138322,0.4889637025213141,,,
287,uni_167,sim_uni,MB_1_A0.0990_C0.021,0.3845861678004535,0.5000262148399266,,,
288,uni_168,sim_uni,MB_1_A0.1014_C0.021,0.41321428571428576,0.5938611135332872,,,
289,uni_169,sim_uni,MB_1_A0.1038_C0.021,0.4133616780045352,0.5818606107650489,,,
290,uni_170,sim_uni,MB_1_A0.1062_C0.021,0.4408843537414966,0.6613416299112392,,,
291,uni_171,sim_uni,MB_1_A0.1086_C0.021,0.4616893424036281,0.7487276018427881,,,
292,uni_172,sim_uni,MB_1_A0.1110_C0.021,0.4788321995464853,0.7213650497746374,,,
293,uni_173,sim_uni,MB_1_A0.1134_C0.021,0.50218820861678,0.7618368597755893,,,
294,uni_174,sim_uni,MB_1_A0.1159_C0.021,0.5136621315192744,0.8589302281306146,,,
295,uni_175,sim_uni,MB_1_A0.1183_C0.021,0.5396371882086167,0.8068070853164997,,,
296,uni_176,sim_uni,MB_1_A0.1207_C0.021,0.5726643990929705,0.6565978449271909,,,
297,uni_177,sim_uni,MB_1_A0.1231_C0.021,0.6166213151927438,0.7758314683784961,,,
298,uni_178,sim_uni,MB_1_A0.1255_C0.021,0.6518197278911565,0.5823225580980788,,,
299,uni_179,sim_uni,MB_1_A0.1279_C0.021,0.7385430839002267,0.4425312444531224,,,
300,uni_180,sim_uni,MB_1_A0.1303_C0.021,0.8077607709750567,0.3342826478633383,,,
301,uni_181,sim_uni,MB_1_A0.1328_C0.021,0.8326700680272109,0.2999305029900537,,,
302,uni_182,sim_uni,MB_1_A0.1352_C0.021,0.8978741496598639,0.3095270073204498,,,
303,uni_183,sim_uni,MB_1_A0.1376_C0.021,0.9320578231292516,0.30245110100533146,,,
304,uni_184,sim_uni,MB_1_A0.1400_C0.021,0.947250566893424,0.3703726391579737,,,
305,uni_185,sim_uni,MB_1_A0.0700_C0.038,0.2702380952380953,0.21368210923628328,,,
306,uni_186,sim_uni,MB_1_A0.0724_C0.038,0.2637131519274376,0.18082114341872768,,,
307,uni_187,sim_uni,MB_1_A0.0748_C0.038,0.2690362811791383,0.17304076783018896,,,
308,uni_188,sim_uni,MB_1_A0.0772_C0.038,0.2756519274376417,0.15372598962769946,,,
309,uni_189,sim_uni,MB_1_A0.0797_C0.038,0.2890532879818594,0.14958105264375676,,,
310,uni_190,sim_uni,MB_1_A0.0821_C0.038,0.302562358276644,0.220350049207322,,,
311,uni_191,sim_uni,MB_1_A0.0845_C0.038,0.3108956916099773,0.25418492217756394,,,
312,uni_192,sim_uni,MB_1_A0.0869_C0.038,0.3365362811791383,0.3903156610876951,,,
313,uni_193,sim_uni,MB_1_A0.0893_C0.038,0.3466496598639456,0.3759724435186784,,,
314,uni_194,sim_uni,MB_1_A0.0917_C0.038,0.37569160997732426,0.4824764201050506,,,
315,uni_195,sim_uni,MB_1_A0.0941_C0.038,0.3876077097505669,0.4699422279949553,,,
316,uni_196,sim_uni,MB_1_A0.0966_C0.038,0.4109353741496599,0.5711211963018421,,,
317,uni_197,sim_uni,MB_1_A0.0990_C0.038,0.422687074829932,0.5390749603520135,,,
318,uni_198,sim_uni,MB_1_A0.1014_C0.038,0.4517120181405895,0.7045686991903432,,,
319,uni_199,sim_uni,MB_1_A0.1038_C0.038,0.4552210884353742,0.6649777115896778,,,
320,uni_200,sim_uni,MB_1_A0.1062_C0.038,0.4804251700680272,0.6913370889240761,,,
321,uni_201,sim_uni,MB_1_A0.1086_C0.038,0.4838548752834467,0.7056218910586525,,,
322,uni_202,sim_uni,MB_1_A0.1110_C0.038,0.5275283446712018,0.8145775388656141,,,
323,uni_203,sim_uni,MB_1_A0.1134_C0.038,0.5460657596371883,0.6811089922266849,,,
324,uni_204,sim_uni,MB_1_A0.1159_C0.038,0.5639512471655329,0.7169980514104095,,,
325,uni_205,sim_uni,MB_1_A0.1183_C0.038,0.5856916099773243,0.6978062902105813,,,
326,uni_206,sim_uni,MB_1_A0.1207_C0.038,0.6368367346938776,0.6086204289020425,,,
327,uni_207,sim_uni,MB_1_A0.1231_C0.038,0.6893367346938776,0.4671736375211581,,,
328,uni_208,sim_uni,MB_1_A0.1255_C0.038,0.745391156462585,0.39808946263296174,,,
329,uni_209,sim_uni,MB_1_A0.1279_C0.038,0.8490986394557822,0.3203055727160453,,,
330,uni_210,sim_uni,MB_1_A0.1303_C0.038,0.8993027210884355,0.26659959717088844,,,
331,uni_211,sim_uni,MB_1_A0.1328_C0.038,0.9311337868480726,0.2664604626511365,,,
332,uni_212,sim_uni,MB_1_A0.1352_C0.038,0.9620464852607712,0.33266414901863584,,,
333,uni_213,sim_uni,MB_1_A0.1400_C0.038,0.9785147392290248,0.2558727532343734,,,
334,uni_214,sim_uni,MB_1_A0.0700_C0.055,0.29875850340136056,0.234871961273488,,,
335,uni_215,sim_uni,MB_1_A0.0724_C0.055,0.2879138321995465,0.1639242344401335,,,
336,uni_216,sim_uni,MB_1_A0.0748_C0.055,0.3015022675736961,0.16369580517729554,,,
337,uni_217,sim_uni,MB_1_A0.0772_C0.055,0.30599773242630385,0.17055900526188694,,,
338,uni_218,sim_uni,MB_1_A0.0797_C0.055,0.3223242630385488,0.2265213769441896,,,
339,uni_219,sim_uni,MB_1_A0.0821_C0.055,0.3301643990929705,0.2017338142876096,,,
340,uni_220,sim_uni,MB_1_A0.0845_C0.055,0.34708616780045354,0.3749567287101969,,,
341,uni_221,sim_uni,MB_1_A0.0869_C0.055,0.3718820861678005,0.3827678277960845,,,
342,uni_222,sim_uni,MB_1_A0.0893_C0.055,0.3837811791383221,0.3988766948330416,,,
343,uni_223,sim_uni,MB_1_A0.0917_C0.055,0.3946031746031746,0.42736772384542976,,,
344,uni_224,sim_uni,MB_1_A0.0941_C0.055,0.4308786848072562,0.66296616488116,,,
345,uni_225,sim_uni,MB_1_A0.0966_C0.055,0.4468310657596372,0.7000440363196003,,,
346,uni_226,sim_uni,MB_1_A0.0990_C0.055,0.4646315192743764,0.7256790119287531,,,
347,uni_227,sim_uni,MB_1_A0.1014_C0.055,0.4842403628117914,0.7881960343513987,,,
348,uni_228,sim_uni,MB_1_A0.1038_C0.055,0.5074206349206349,0.7506445197911448,,,
349,uni_229,sim_uni,MB_1_A0.1062_C0.055,0.508888888888889,0.7587732583980559,,,
350,uni_230,sim_uni,MB_1_A0.1086_C0.055,0.5257936507936508,0.7788212090617475,,,
351,uni_231,sim_uni,MB_1_A0.1110_C0.055,0.5625510204081633,0.8077767393788489,,,
352,uni_232,sim_uni,MB_1_A0.1134_C0.055,0.5689512471655329,0.8375945564423808,,,
353,uni_233,sim_uni,MB_1_A0.1159_C0.055,0.6057993197278911,0.5902945062207962,,,
354,uni_234,sim_uni,MB_1_A0.1183_C0.055,0.6704251700680273,0.5274226954828163,,,
355,uni_235,sim_uni,MB_1_A0.1207_C0.055,0.7110544217687075,0.4733673507690177,,,
356,uni_236,sim_uni,MB_1_A0.1231_C0.055,0.7829535147392289,0.3542821204911885,,,
357,uni_237,sim_uni,MB_1_A0.1255_C0.055,0.9009807256235828,0.2296060013200365,,,
358,uni_238,sim_uni,MB_1_A0.1279_C0.055,0.9554251700680272,0.2260687436938013,,,
359,uni_239,sim_uni,MB_1_A0.1303_C0.055,0.9690419501133788,0.2590614417088022,,,
360,uni_240,sim_uni,MB_1_A0.1328_C0.055,0.989812925170068,0.3379192540422451,,,
361,uni_241,sim_uni,MB_1_A0.1352_C0.055,0.9898356009070296,0.2711735972866939,,,
362,uni_242,sim_uni,MB_1_A0.0700_C0.072,0.3188095238095238,0.2675594821990298,,,
363,uni_243,sim_uni,MB_1_A0.0724_C0.072,0.3245181405895692,0.21913185285134906,,,
364,uni_244,sim_uni,MB_1_A0.0748_C0.072,0.334421768707483,0.2515907536270666,,,
365,uni_245,sim_uni,MB_1_A0.0772_C0.072,0.33884920634920634,0.2179217091721467,,,
366,uni_246,sim_uni,MB_1_A0.0797_C0.072,0.3573639455782313,0.30633714367146936,,,
367,uni_247,sim_uni,MB_1_A0.0821_C0.072,0.369155328798186,0.4106751140988173,,,
368,uni_248,sim_uni,MB_1_A0.0845_C0.072,0.3946371882086168,0.4676225094042461,,,
369,uni_249,sim_uni,MB_1_A0.0869_C0.072,0.404421768707483,0.5890657956988061,,,
370,uni_250,sim_uni,MB_1_A0.0893_C0.072,0.4205555555555555,0.561535760548606,,,
371,uni_251,sim_uni,MB_1_A0.0917_C0.072,0.447687074829932,0.6397849773092797,,,
372,uni_252,sim_uni,MB_1_A0.0941_C0.072,0.4583560090702948,0.662038788802347,,,
373,uni_253,sim_uni,MB_1_A0.0966_C0.072,0.4823356009070295,0.7797476771593993,,,
374,uni_254,sim_uni,MB_1_A0.0990_C0.072,0.4914285714285714,0.6962089089798901,,,
375,uni_255,sim_uni,MB_1_A0.1014_C0.072,0.5105952380952381,0.7337688927349353,,,
376,uni_256,sim_uni,MB_1_A0.1038_C0.072,0.5342630385487528,0.8378796179766279,,,
377,uni_257,sim_uni,MB_1_A0.1062_C0.072,0.5469160997732427,0.8511907624879009,,,
378,uni_258,sim_uni,MB_1_A0.1086_C0.072,0.5652324263038548,0.8084621155771771,,,
379,uni_259,sim_uni,MB_1_A0.1110_C0.072,0.6095975056689342,0.6831720736956544,,,
380,uni_260,sim_uni,MB_1_A0.1134_C0.072,0.6222732426303855,0.5979896903783413,,,
381,uni_261,sim_uni,MB_1_A0.1159_C0.072,0.6919501133786848,0.4122568502982208,,,
382,uni_262,sim_uni,MB_1_A0.1183_C0.072,0.7640136054421769,0.2773162275769392,,,
383,uni_263,sim_uni,MB_1_A0.1207_C0.072,0.859501133786848,0.2318012294713393,,,
384,uni_264,sim_uni,MB_1_A0.1231_C0.072,0.941360544217687,0.21200476225557965,,,
385,uni_265,sim_uni,MB_1_A0.1255_C0.072,0.9731519274376416,0.20568123771897465,,,
386,uni_266,sim_uni,MB_1_A0.1303_C0.072,0.9932709750566894,0.18494949466454413,,,
387,uni_267,sim_uni,MB_1_A0.0700_C0.090,0.3534523809523809,0.3527471372685723,,,
388,uni_268,sim_uni,MB_1_A0.0724_C0.090,0.3558730158730159,0.35565387970465034,,,
389,uni_269,sim_uni,MB_1_A0.0748_C0.090,0.3662528344671202,0.3417740636513622,,,
390,uni_270,sim_uni,MB_1_A0.0772_C0.090,0.374297052154195,0.32245191652369143,,,
391,uni_271,sim_uni,MB_1_A0.0797_C0.090,0.3909863945578232,0.4447897850388981,,,
392,uni_272,sim_uni,MB_1_A0.0821_C0.090,0.40729024943310654,0.5453626021535658,,,
393,uni_273,sim_uni,MB_1_A0.0845_C0.090,0.42374149659863947,0.6079703276648328,,,
394,uni_274,sim_uni,MB_1_A0.0869_C0.090,0.4390192743764173,0.5700207043319829,,,
395,uni_275,sim_uni,MB_1_A0.0893_C0.090,0.458843537414966,0.7081114212049665,,,
396,uni_276,sim_uni,MB_1_A0.0917_C0.090,0.4845918367346938,0.7933939225511258,,,
397,uni_277,sim_uni,MB_1_A0.0941_C0.090,0.4948809523809524,0.702887910311706,,,
398,uni_278,sim_uni,MB_1_A0.0966_C0.090,0.5215986394557823,0.8260636833117584,,,
399,uni_279,sim_uni,MB_1_A0.0990_C0.090,0.5292857142857144,0.8178490412348072,,,
400,uni_280,sim_uni,MB_1_A0.1014_C0.090,0.5528174603174604,0.760667079014935,,,
401,uni_281,sim_uni,MB_1_A0.1038_C0.090,0.5740702947845805,0.8505497972763947,,,
402,uni_282,sim_uni,MB_1_A0.1062_C0.090,0.5930498866213152,0.6519191168720615,,,
403,uni_283,sim_uni,MB_1_A0.1086_C0.090,0.615498866213152,0.7380840267648487,,,
404,uni_284,sim_uni,MB_1_A0.1110_C0.090,0.6500113378684808,0.5277817651902901,,,
405,uni_285,sim_uni,MB_1_A0.1134_C0.090,0.7209070294784581,0.3540806781810876,,,
406,uni_286,sim_uni,MB_1_A0.1159_C0.090,0.8052154195011338,0.2408580400106839,,,
407,uni_287,sim_uni,MB_1_A0.1183_C0.090,0.8984863945578232,0.21575147637263825,,,
408,uni_288,sim_uni,MB_1_A0.1207_C0.090,0.9710884353741496,0.20162990289957872,,,
409,uni_289,sim_uni,MB_1_A0.0700_C0.107,0.3897278911564626,0.5223600498828962,,,
410,uni_290,sim_uni,MB_1_A0.0724_C0.107,0.382687074829932,0.3957932861434722,,,
411,uni_291,sim_uni,MB_1_A0.0748_C0.107,0.3980498866213152,0.4995197742839918,,,
412,uni_292,sim_uni,MB_1_A0.0772_C0.107,0.41,0.4887831370637068,,,
413,uni_293,sim_uni,MB_1_A0.0797_C0.107,0.4267913832199545,0.5377909635935231,,,
414,uni_294,sim_uni,MB_1_A0.0821_C0.107,0.4416439909297053,0.5794859646171131,,,
415,uni_295,sim_uni,MB_1_A0.0845_C0.107,0.4634126984126984,0.6277182850090293,,,
416,uni_296,sim_uni,MB_1_A0.0869_C0.107,0.4703344671201814,0.7069481941770608,,,
417,uni_297,sim_uni,MB_1_A0.0893_C0.107,0.4915306122448979,0.7858500740153065,,,
418,uni_298,sim_uni,MB_1_A0.0917_C0.107,0.5163662131519274,0.8299735161247046,,,
419,uni_299,sim_uni,MB_1_A0.0941_C0.107,0.5345578231292517,0.7843100637399034,,,
420,uni_300,sim_uni,MB_1_A0.0966_C0.107,0.5511961451247166,0.8414784863573384,,,
421,uni_301,sim_uni,MB_1_A0.0990_C0.107,0.5609410430839001,0.7411706814569488,,,
422,uni_302,sim_uni,MB_1_A0.1014_C0.107,0.6013208616780046,0.6772209628299006,,,
423,uni_303,sim_uni,MB_1_A0.1038_C0.107,0.6161394557823129,0.7574901561211718,,,
424,uni_304,sim_uni,MB_1_A0.1062_C0.107,0.6472108843537415,0.5105777382136816,,,
425,uni_305,sim_uni,MB_1_A0.1086_C0.107,0.6698129251700681,0.5911250843353102,,,
426,uni_306,sim_uni,MB_1_A0.1110_C0.107,0.7518083900226757,0.3008909967453738,,,
427,uni_307,sim_uni,MB_1_A0.1134_C0.107,0.8507936507936509,0.2052822562257264,,,
428,uni_308,sim_uni,MB_1_A0.1159_C0.107,0.932874149659864,0.17380778871504166,,,
429,uni_309,sim_uni,MB_1_A0.1183_C0.107,0.98781179138322,0.19049324350377528,,,
430,uni_310,sim_uni,MB_1_A0.0700_C0.124,0.4229988662131519,0.6341902837160389,,,
431,uni_311,sim_uni,MB_1_A0.0724_C0.124,0.4218480725623583,0.6630998477055711,,,
432,uni_312,sim_uni,MB_1_A0.0748_C0.124,0.4184863945578231,0.4794872003906434,,,
433,uni_313,sim_uni,MB_1_A0.0772_C0.124,0.4424263038548753,0.6441268921851533,,,
434,uni_314,sim_uni,MB_1_A0.0797_C0.124,0.4587244897959184,0.6805825612700656,,,
435,uni_315,sim_uni,MB_1_A0.0821_C0.124,0.4754421768707483,0.6278268466253357,,,
436,uni_316,sim_uni,MB_1_A0.0845_C0.124,0.4915362811791383,0.7727732614477374,,,
437,uni_317,sim_uni,MB_1_A0.0869_C0.124,0.5136961451247166,0.8334342818235045,,,
438,uni_318,sim_uni,MB_1_A0.0893_C0.124,0.5353004535147392,0.8350786909257667,,,
439,uni_319,sim_uni,MB_1_A0.0917_C0.124,0.545124716553288,0.8708915695085113,,,
440,uni_320,sim_uni,MB_1_A0.0941_C0.124,0.557936507936508,0.8093937219646492,,,
441,uni_321,sim_uni,MB_1_A0.0966_C0.124,0.5917517006802722,0.6638166399679818,,,
442,uni_322,sim_uni,MB_1_A0.0990_C0.124,0.6141780045351474,0.6029617417170436,,,
443,uni_323,sim_uni,MB_1_A0.1014_C0.124,0.6259977324263039,0.6037888756048388,,,
444,uni_324,sim_uni,MB_1_A0.1038_C0.124,0.6529591836734694,0.6305336220915247,,,
445,uni_325,sim_uni,MB_1_A0.1062_C0.124,0.6955668934240362,0.5110935523828393,,,
446,uni_326,sim_uni,MB_1_A0.1086_C0.124,0.7970238095238095,0.3374770785639249,,,
447,uni_327,sim_uni,MB_1_A0.1110_C0.124,0.9077551020408164,0.2121457865692048,,,
448,uni_328,sim_uni,MB_1_A0.0700_C0.141,0.44400226757369615,0.6733703363646579,,,
449,uni_329,sim_uni,MB_1_A0.0724_C0.141,0.4509580498866213,0.699206410027247,,,
450,uni_330,sim_uni,MB_1_A0.0748_C0.141,0.4517630385487528,0.8400638910794493,,,
451,uni_331,sim_uni,MB_1_A0.0772_C0.141,0.471984126984127,0.7410010336885016,,,
452,uni_332,sim_uni,MB_1_A0.0797_C0.141,0.4913151927437642,0.7685352742286735,,,
453,uni_333,sim_uni,MB_1_A0.0821_C0.141,0.4993650793650794,0.74447785146652,,,
454,uni_334,sim_uni,MB_1_A0.0845_C0.141,0.5258786848072562,0.8715086307751714,,,
455,uni_335,sim_uni,MB_1_A0.0869_C0.141,0.5440873015873016,0.7829095073371023,,,
456,uni_336,sim_uni,MB_1_A0.0893_C0.141,0.5625510204081633,0.7221187523532892,,,
457,uni_337,sim_uni,MB_1_A0.0917_C0.141,0.580453514739229,0.7295917578008356,,,
458,uni_338,sim_uni,MB_1_A0.0941_C0.141,0.601298185941043,0.6088444385611214,,,
459,uni_339,sim_uni,MB_1_A0.0966_C0.141,0.6276530612244898,0.6095345058761206,,,
460,uni_340,sim_uni,MB_1_A0.0990_C0.141,0.6540816326530612,0.5136860806910929,,,
461,uni_341,sim_uni,MB_1_A0.1014_C0.141,0.6706349206349206,0.6456466521011444,,,
462,uni_342,sim_uni,MB_1_A0.1038_C0.141,0.7059070294784581,0.4863856811321068,,,
463,uni_343,sim_uni,MB_1_A0.1062_C0.141,0.8340362811791384,0.1865135793905157,,,
464,uni_344,sim_uni,MB_1_A0.1086_C0.141,0.9843990929705216,0.17262463292193253,,,
465,uni_345,sim_uni,MB_1_A0.1110_C0.141,0.9947562358276644,0.1562988702680449,,,
466,uni_346,sim_uni,MB_1_A0.0700_C0.159,0.4655215419501134,0.8097621939757282,,,
467,uni_347,sim_uni,MB_1_A0.0724_C0.159,0.47609410430839,0.7719131348141078,,,
468,uni_348,sim_uni,MB_1_A0.0748_C0.159,0.4889795918367347,0.7816377334607079,,,
469,uni_349,sim_uni,MB_1_A0.0772_C0.159,0.5038662131519274,0.786330539741873,,,
470,uni_350,sim_uni,MB_1_A0.0797_C0.159,0.5251587301587302,0.8456692680888396,,,
471,uni_351,sim_uni,MB_1_A0.0821_C0.159,0.5398242630385488,0.8504906045847493,,,
472,uni_352,sim_uni,MB_1_A0.0845_C0.159,0.5616383219954649,0.7929496974755075,,,
473,uni_353,sim_uni,MB_1_A0.0869_C0.159,0.5754478458049888,0.6545126541379456,,,
474,uni_354,sim_uni,MB_1_A0.0893_C0.159,0.6041439909297053,0.6728934170016713,,,
475,uni_355,sim_uni,MB_1_A0.0917_C0.159,0.6196938775510203,0.563624662520034,,,
476,uni_356,sim_uni,MB_1_A0.0941_C0.159,0.6444217687074829,0.513622747555714,,,
477,uni_357,sim_uni,MB_1_A0.0966_C0.159,0.6709750566893424,0.3875794414278314,,,
478,uni_358,sim_uni,MB_1_A0.0990_C0.159,0.6906519274376417,0.5183508823240885,,,
479,uni_359,sim_uni,MB_1_A0.1014_C0.159,0.7526133786848073,0.44387828505434257,,,
480,uni_360,sim_uni,MB_1_A0.1038_C0.159,0.9086337868480726,0.1662525309779216,,,
481,uni_361,sim_uni,MB_1_A0.0700_C0.176,0.487295918367347,0.7720448676429679,,,
482,uni_362,sim_uni,MB_1_A0.0724_C0.176,0.4955442176870748,0.7970315674366978,,,
483,uni_363,sim_uni,MB_1_A0.0748_C0.176,0.5234977324263038,0.8523007010709627,,,
484,uni_364,sim_uni,MB_1_A0.0772_C0.176,0.5328061224489796,0.8445030442212713,,,
485,uni_365,sim_uni,MB_1_A0.0797_C0.176,0.5512131519274377,0.8688479760694187,,,
486,uni_366,sim_uni,MB_1_A0.0821_C0.176,0.5830045351473923,0.5750306117778579,,,
487,uni_367,sim_uni,MB_1_A0.0845_C0.176,0.5990249433106576,0.5930980211800767,,,
488,uni_368,sim_uni,MB_1_A0.0869_C0.176,0.6245068027210885,0.5247482239235728,,,
489,uni_369,sim_uni,MB_1_A0.0893_C0.176,0.6397222222222222,0.5464428589421293,,,
490,uni_370,sim_uni,MB_1_A0.0917_C0.176,0.6611111111111111,0.46750101404367,,,
491,uni_371,sim_uni,MB_1_A0.0941_C0.176,0.6924603174603176,0.3874682993961151,,,
492,uni_372,sim_uni,MB_1_A0.0966_C0.176,0.7315816326530613,0.3300030733713474,,,
493,uni_373,sim_uni,MB_1_A0.0990_C0.176,0.7687585034013605,0.4005381078638063,,,
494,uni_374,sim_uni,MB_1_A0.1014_C0.176,0.9749829931972788,0.17763552737063404,,,
495,uni_375,sim_uni,MB_1_A0.0700_C0.193,0.5126757369614513,0.8625776975661149,,,
496,uni_376,sim_uni,MB_1_A0.0724_C0.193,0.5235997732426304,0.8632618481715728,,,
497,uni_377,sim_uni,MB_1_A0.0748_C0.193,0.5451814058956916,0.8173197781562074,,,
498,uni_378,sim_uni,MB_1_A0.0772_C0.193,0.5694841269841271,0.7224421693301405,,,
499,uni_379,sim_uni,MB_1_A0.0797_C0.193,0.5830612244897959,0.7250161676778986,,,
500,uni_380,sim_uni,MB_1_A0.0821_C0.193,0.6124092970521542,0.6015359363664737,,,
501,uni_381,sim_uni,MB_1_A0.0845_C0.193,0.6452324263038549,0.5026232766194734,,,
502,uni_382,sim_uni,MB_1_A0.0869_C0.193,0.6600510204081632,0.4325444493915488,,,
503,uni_383,sim_uni,MB_1_A0.0893_C0.193,0.6888775510204082,0.43891102081889377,,,
504,uni_384,sim_uni,MB_1_A0.0917_C0.193,0.7073356009070294,0.3749245914595061,,,
505,uni_385,sim_uni,MB_1_A0.0941_C0.193,0.7326984126984127,0.3321636115599357,,,
506,uni_386,sim_uni,MB_1_A0.0966_C0.193,0.8056065759637188,0.4467043094499589,,,
507,uni_387,sim_uni,MB_1_A0.0700_C0.210,0.5308219954648526,0.8545731313527928,,,
508,uni_388,sim_uni,MB_1_A0.0724_C0.210,0.5541383219954648,0.7494934705843059,,,
509,uni_389,sim_uni,MB_1_A0.0748_C0.210,0.5749773242630386,0.7922893990801395,,,
510,uni_390,sim_uni,MB_1_A0.0772_C0.210,0.5940532879818594,0.7594952116819875,,,
511,uni_391,sim_uni,MB_1_A0.0797_C0.210,0.6254478458049887,0.6173752216746117,,,
512,uni_392,sim_uni,MB_1_A0.0821_C0.210,0.6555215419501134,0.466354620509535,,,
513,uni_393,sim_uni,MB_1_A0.0845_C0.210,0.6786507936507937,0.453204525417048,,,
514,uni_394,sim_uni,MB_1_A0.0869_C0.210,0.7089739229024943,0.27652705311576503,,,
515,uni_395,sim_uni,MB_1_A0.0893_C0.210,0.7314455782312925,0.3062074615629593,,,
516,uni_396,sim_uni,MB_1_A0.0917_C0.210,0.7528798185941042,0.3442285522797525,,,
517,uni_397,sim_uni,MB_1_A0.0941_C0.210,0.8456065759637189,0.2634503535223275,,,
518,uni_398,sim_uni,MB_1_A0.0700_C0.228,0.5631519274376418,0.7404678098880086,,,
519,uni_399,sim_uni,MB_1_A0.0724_C0.228,0.5761224489795919,0.8023895852680465,,,
520,uni_400,sim_uni,MB_1_A0.0748_C0.228,0.6135884353741496,0.6338151143596229,,,
521,uni_401,sim_uni,MB_1_A0.0772_C0.228,0.6357142857142857,0.5648515008345036,,,
522,uni_402,sim_uni,MB_1_A0.0797_C0.228,0.6725283446712018,0.4790039989475156,,,
523,uni_403,sim_uni,MB_1_A0.0821_C0.228,0.6975510204081632,0.4099590581076624,,,
524,uni_404,sim_uni,MB_1_A0.0845_C0.228,0.7200850340136055,0.2599972547409135,,,
525,uni_405,sim_uni,MB_1_A0.0869_C0.228,0.7474829931972792,0.2488933192271986,,,
526,uni_406,sim_uni,MB_1_A0.0893_C0.228,0.7781349206349206,0.2333514215007741,,,
527,uni_407,sim_uni,MB_1_A0.0917_C0.228,0.9176020408163263,0.19807289458658286,,,
528,uni_408,sim_uni,MB_1_A0.0700_C0.245,0.5835430839002268,0.6855334679314129,,,
529,uni_409,sim_uni,MB_1_A0.0724_C0.245,0.608032879818594,0.7077412325067833,,,
530,uni_410,sim_uni,MB_1_A0.0748_C0.245,0.6428004535147392,0.5521627481353245,,,
531,uni_411,sim_uni,MB_1_A0.0772_C0.245,0.6847732426303855,0.34957917888913315,,,
532,uni_412,sim_uni,MB_1_A0.0797_C0.245,0.7081179138321996,0.32071010642382713,,,
533,uni_413,sim_uni,MB_1_A0.0821_C0.245,0.7348299319727891,0.2493613995017713,,,
534,uni_414,sim_uni,MB_1_A0.0845_C0.245,0.7602607709750567,0.2442974322446457,,,
535,uni_415,sim_uni,MB_1_A0.0869_C0.245,0.7858106575963719,0.2013023623635607,,,
536,uni_416,sim_uni,MB_1_A0.0893_C0.245,0.9115986394557822,0.1559374950408149,,,
537,uni_417,sim_uni,MB_1_A0.0700_C0.262,0.6266609977324262,0.5588113354469293,,,
538,uni_418,sim_uni,MB_1_A0.0724_C0.262,0.6408730158730158,0.6264950828814487,,,
539,uni_419,sim_uni,MB_1_A0.0748_C0.262,0.6795918367346938,0.4458445969718885,,,
540,uni_420,sim_uni,MB_1_A0.0772_C0.262,0.7226360544217687,0.2457301276141509,,,
541,uni_421,sim_uni,MB_1_A0.0797_C0.262,0.7480385487528345,0.21495907239997025,,,
542,uni_422,sim_uni,MB_1_A0.0821_C0.262,0.7715249433106576,0.17380271368777156,,,
543,uni_423,sim_uni,MB_1_A0.0845_C0.262,0.8003061224489796,0.2161441767468827,,,
544,uni_424,sim_uni,MB_1_A0.0869_C0.262,0.9823356009070294,0.14378536318603785,,,
545,uni_425,sim_uni,MB_1_A0.0700_C0.279,0.6529761904761905,0.5514591660707306,,,
546,uni_426,sim_uni,MB_1_A0.0724_C0.279,0.694359410430839,0.3409208992210494,,,
547,uni_427,sim_uni,MB_1_A0.0748_C0.279,0.7327267573696146,0.2378249302805873,,,
548,uni_428,sim_uni,MB_1_A0.0772_C0.279,0.7671371882086168,0.21945124131259552,,,
549,uni_429,sim_uni,MB_1_A0.0797_C0.279,0.7949092970521542,0.1663798655318499,,,
550,uni_430,sim_uni,MB_1_A0.0821_C0.279,0.8207369614512472,0.1455720401127607,,,
551,uni_431,sim_uni,MB_1_A0.0700_C0.297,0.6992913832199547,0.3065873857291069,,,
552,uni_432,sim_uni,MB_1_A0.0724_C0.297,0.7379761904761905,0.19455599321899752,,,
553,uni_433,sim_uni,MB_1_A0.0748_C0.297,0.7700226757369614,0.1847902647472021,,,
554,uni_434,sim_uni,MB_1_A0.0772_C0.297,0.7967857142857142,0.16490107670223664,,,
555,uni_435,sim_uni,MB_1_A0.0797_C0.297,0.8305272108843538,0.13362655764163978,,,
556,uni_436,sim_uni,MB_1_A0.0700_C0.314,0.7353741496598639,0.2279744137195423,,,
557,uni_437,sim_uni,MB_1_A0.0724_C0.314,0.7819557823129252,0.15834455323299124,,,
558,uni_438,sim_uni,MB_1_A0.0748_C0.314,0.8085204081632653,0.163541863484034,,,
559,uni_439,sim_uni,MB_1_A0.0772_C0.314,0.8449546485260772,0.1422305040583538,,,
560,uni_440,sim_uni,MB_1_A0.0700_C0.331,0.7565419501133788,0.31771437870585084,,,
561,uni_441,sim_uni,MB_1_A0.0724_C0.331,0.8090646258503401,0.17802783288814528,,,
562,uni_442,sim_uni,MB_1_A0.0748_C0.331,0.8487301587301587,0.14737225630284034,,,
563,uni_443,sim_uni,MB_1_A0.0700_C0.348,0.8024206349206349,0.2022907495069656,,,
564,uni_444,sim_uni,MB_1_A0.0724_C0.348,0.8660090702947846,0.15232656022449054,,,
565,uni_445,sim_uni,MB_1_A0.0700_C0.366,0.8615079365079364,0.16318651997558775,,,
566,ish_000,sim_ish,ws20-bs20_hq_A0.1207_C-0.100-A0.1376_C0.003,0.4911111111111111,0.8355710011336641,,,
567,ish_001,sim_ish,ws20-bs20_hq_A0.1207_C-0.100-A0.1352_C0.021,0.4992630385487528,0.8592849188328491,,,
568,ish_002,sim_ish,ws20-bs20_hq_A0.1207_C-0.100-A0.1303_C0.055,0.5265079365079365,0.827424599280097,,,
569,ish_003,sim_ish,ws20-bs20_hq_A0.1207_C-0.100-A0.1279_C0.038,0.493639455782313,0.8712405056956207,,,
570,ish_004,sim_ish,ws20-bs20_hq_A0.1207_C-0.100-A0.1279_C0.055,0.5046315192743764,0.8718224884587915,,,
571,ish_005,sim_ish,ws20-bs20_hq_A0.1207_C-0.100-A0.1231_C0.072,0.509812925170068,0.8191613495887129,,,
572,ish_006,sim_ish,ws20-bs20_hq_A0.1207_C-0.100-A0.1183_C0.072,0.4868990929705215,0.8665057216212204,,,
573,ish_007,sim_ish,ws20-bs20_hq_A0.1207_C-0.100-A0.1134_C0.090,0.4807936507936508,0.8243793507467958,,,
574,ish_008,sim_ish,ws20-bs20_hq_A0.1207_C-0.100-A0.1134_C0.107,0.5045351473922902,0.8157833570575108,,,
575,ish_009,sim_ish,ws20-bs20_hq_A0.1207_C-0.100-A0.1062_C0.141,0.5045124716553288,0.8424570186780036,,,
576,ish_010,sim_ish,ws20-bs20_hq_A0.1207_C-0.100-A0.1038_C0.159,0.511921768707483,0.8632501612058701,,,
577,ish_011,sim_ish,ws20-bs20_hq_A0.1207_C-0.100-A0.0893_C0.228,0.5296655328798185,0.8605073140909549,,,
578,ish_012,sim_ish,ws20-bs20_hq_A0.1207_C-0.100-A0.0869_C0.210,0.5074716553287982,0.8401908979162294,,,
579,ish_013,sim_ish,ws20-bs20_hq_A0.1207_C-0.100-A0.0821_C0.245,0.5107993197278912,0.8601520699265023,,,
580,ish_014,sim_ish,ws20-bs20_hq_A0.1207_C-0.100-A0.0797_C0.245,0.5103458049886622,0.7733136199868142,,,
581,ish_015,sim_ish,ws20-bs20_hq_A0.1207_C-0.100-A0.0724_C0.279,0.5213888888888889,0.8508693938350104,,,
582,ish_016,sim_ish,ws20-bs20_hq_A0.1207_C-0.100-A0.0724_C0.314,0.5469784580498867,0.8456488239659592,,,
583,ish_017,sim_ish,ws20-bs20_hq_A0.1207_C-0.100-A0.0700_C0.297,0.5271315192743764,0.8395291124433155,,,
584,ish_018,sim_ish,ws20-bs20_hq_A0.1207_C-0.100-A0.0700_C0.331,0.5649489795918368,0.8370084497995479,,,
585,ish_019,sim_ish,ws20-bs20_hq_A0.1207_C-0.100-A0.0700_C0.366,0.6008730158730159,0.6581715000492523,,,
586,ish_020,sim_ish,ws20-bs20_hq_A0.1159_C-0.083-A0.1376_C0.003,0.4966213151927438,0.8758911576783556,,,
587,ish_021,sim_ish,ws20-bs20_hq_A0.1159_C-0.083-A0.1352_C0.021,0.5006122448979592,0.8845245876396747,,,
588,ish_022,sim_ish,ws20-bs20_hq_A0.1159_C-0.083-A0.1303_C0.055,0.5286848072562359,0.8715003883018699,,,
589,ish_023,sim_ish,ws20-bs20_hq_A0.1159_C-0.083-A0.1279_C0.038,0.4788775510204081,0.8141647139987397,,,
590,ish_024,sim_ish,ws20-bs20_hq_A0.1159_C-0.083-A0.1279_C0.055,0.5203061224489796,0.8177722195322726,,,
591,ish_025,sim_ish,ws20-bs20_hq_A0.1159_C-0.083-A0.1231_C0.072,0.5070578231292517,0.8521818343563252,,,
592,ish_026,sim_ish,ws20-bs20_hq_A0.1159_C-0.083-A0.1183_C0.072,0.4793027210884354,0.8125528347800104,,,
593,ish_027,sim_ish,ws20-bs20_hq_A0.1159_C-0.083-A0.1134_C0.090,0.4721201814058957,0.7635008216959641,,,
594,ish_028,sim_ish,ws20-bs20_hq_A0.1159_C-0.083-A0.1134_C0.107,0.4827834467120182,0.7851139101173428,,,
595,ish_029,sim_ish,ws20-bs20_hq_A0.1159_C-0.083-A0.1062_C0.141,0.4968367346938775,0.8363137559439491,,,
596,ish_030,sim_ish,ws20-bs20_hq_A0.1159_C-0.083-A0.1038_C0.159,0.5082426303854876,0.8697593505254645,,,
597,ish_031,sim_ish,ws20-bs20_hq_A0.1159_C-0.083-A0.0893_C0.228,0.5227210884353741,0.8242891136716866,,,
598,ish_032,sim_ish,ws20-bs20_hq_A0.1159_C-0.083-A0.0869_C0.210,0.4955952380952381,0.7561619900992615,,,
599,ish_033,sim_ish,ws20-bs20_hq_A0.1159_C-0.083-A0.0821_C0.245,0.5188492063492064,0.8467649268465527,,,
600,ish_034,sim_ish,ws20-bs20_hq_A0.1159_C-0.083-A0.0797_C0.245,0.5057766439909297,0.7909835636655407,,,
601,ish_035,sim_ish,ws20-bs20_hq_A0.1159_C-0.083-A0.0724_C0.279,0.5197108843537415,0.8836491844023189,,,
602,ish_036,sim_ish,ws20-bs20_hq_A0.1159_C-0.083-A0.0724_C0.314,0.5457086167800453,0.838838121907653,,,
603,ish_037,sim_ish,ws20-bs20_hq_A0.1159_C-0.083-A0.0700_C0.297,0.5233503401360544,0.8668570678263281,,,
604,ish_038,sim_ish,ws20-bs20_hq_A0.1159_C-0.083-A0.0700_C0.331,0.5579818594104309,0.8173375697923225,,,
605,ish_039,sim_ish,ws20-bs20_hq_A0.1159_C-0.083-A0.0700_C0.366,0.5957482993197278,0.7347900221725734,,,
606,ish_040,sim_ish,ws20-bs20_hq_A0.1134_C-0.066-A0.1376_C0.003,0.4935827664399093,0.8437850758398422,,,
607,ish_041,sim_ish,ws20-bs20_hq_A0.1134_C-0.066-A0.1352_C0.021,0.518843537414966,0.8255226589495698,,,
608,ish_042,sim_ish,ws20-bs20_hq_A0.1134_C-0.066-A0.1303_C0.055,0.5295521541950113,0.8113019811026496,,,
609,ish_043,sim_ish,ws20-bs20_hq_A0.1134_C-0.066-A0.1279_C0.038,0.4873469387755102,0.8035481361722722,,,
610,ish_044,sim_ish,ws20-bs20_hq_A0.1134_C-0.066-A0.1279_C0.055,0.5211791383219955,0.8848050632265276,,,
611,ish_045,sim_ish,ws20-bs20_hq_A0.1134_C-0.066-A0.1231_C0.072,0.5110034013605442,0.8426200958554358,,,
612,ish_046,sim_ish,ws20-bs20_hq_A0.1134_C-0.066-A0.1183_C0.072,0.487233560090703,0.8305511106195377,,,
613,ish_047,sim_ish,ws20-bs20_hq_A0.1134_C-0.066-A0.1134_C0.090,0.4848469387755102,0.7905185442373618,,,
614,ish_048,sim_ish,ws20-bs20_hq_A0.1134_C-0.066-A0.1134_C0.107,0.509297052154195,0.8748072095182067,,,
615,ish_049,sim_ish,ws20-bs20_hq_A0.1134_C-0.066-A0.1062_C0.141,0.5121995464852607,0.8688719944405271,,,
616,ish_050,sim_ish,ws20-bs20_hq_A0.1134_C-0.066-A0.1038_C0.159,0.5200510204081633,0.8285182302179696,,,
617,ish_051,sim_ish,ws20-bs20_hq_A0.1134_C-0.066-A0.0893_C0.228,0.5312868480725624,0.8509815201478161,,,
618,ish_052,sim_ish,ws20-bs20_hq_A0.1134_C-0.066-A0.0869_C0.210,0.5160714285714285,0.8652987578979288,,,
619,ish_053,sim_ish,ws20-bs20_hq_A0.1134_C-0.066-A0.0821_C0.245,0.5337131519274376,0.8265331517676342,,,
620,ish_054,sim_ish,ws20-bs20_hq_A0.1134_C-0.066-A0.0797_C0.245,0.5145124716553289,0.8390082596330184,,,
621,ish_055,sim_ish,ws20-bs20_hq_A0.1134_C-0.066-A0.0724_C0.279,0.5194217687074829,0.7834095202659526,,,
622,ish_056,sim_ish,ws20-bs20_hq_A0.1134_C-0.066-A0.0724_C0.314,0.5620408163265307,0.7528525163373491,,,
623,ish_057,sim_ish,ws20-bs20_hq_A0.1134_C-0.066-A0.0700_C0.297,0.5321768707482992,0.8264545035035153,,,
624,ish_058,sim_ish,ws20-bs20_hq_A0.1134_C-0.066-A0.0700_C0.331,0.5660997732426304,0.7830584352879342,,,
625,ish_059,sim_ish,ws20-bs20_hq_A0.1134_C-0.066-A0.0700_C0.366,0.6075170068027211,0.6731419757065376,,,
626,ish_060,sim_ish,ws20-bs20_hq_A0.1110_C-0.100-A0.1376_C0.003,0.4447562358276645,0.7571969392926421,,,
627,ish_061,sim_ish,ws20-bs20_hq_A0.1110_C-0.100-A0.1352_C0.021,0.460187074829932,0.8118110227016266,,,
628,ish_062,sim_ish,ws20-bs20_hq_A0.1110_C-0.100-A0.1303_C0.055,0.4732256235827664,0.7909075476782041,,,
629,ish_063,sim_ish,ws20-bs20_hq_A0.1110_C-0.100-A0.1279_C0.038,0.4354251700680272,0.6999239804971179,,,
630,ish_064,sim_ish,ws20-bs20_hq_A0.1110_C-0.100-A0.1279_C0.055,0.4601133786848073,0.7084960981562723,,,
631,ish_065,sim_ish,ws20-bs20_hq_A0.1110_C-0.100-A0.1231_C0.072,0.44855442176870747,0.7085651964696831,,,
632,ish_066,sim_ish,ws20-bs20_hq_A0.1110_C-0.100-A0.1183_C0.072,0.4286621315192744,0.7140209473545359,,,
633,ish_067,sim_ish,ws20-bs20_hq_A0.1110_C-0.100-A0.1134_C0.090,0.4292687074829932,0.6675392693917155,,,
634,ish_068,sim_ish,ws20-bs20_hq_A0.1110_C-0.100-A0.1134_C0.107,0.452562358276644,0.7859663432003506,,,
635,ish_069,sim_ish,ws20-bs20_hq_A0.1110_C-0.100-A0.1062_C0.141,0.4764399092970522,0.7922137068906402,,,
636,ish_070,sim_ish,ws20-bs20_hq_A0.1110_C-0.100-A0.1038_C0.159,0.4735544217687075,0.7589583792502466,,,
637,ish_071,sim_ish,ws20-bs20_hq_A0.1110_C-0.100-A0.0893_C0.228,0.4824603174603175,0.7309497958985123,,,
638,ish_072,sim_ish,ws20-bs20_hq_A0.1110_C-0.100-A0.0869_C0.210,0.4634183673469388,0.7791159668021357,,,
639,ish_073,sim_ish,ws20-bs20_hq_A0.1110_C-0.100-A0.0821_C0.245,0.4856462585034014,0.747366215041882,,,
640,ish_074,sim_ish,ws20-bs20_hq_A0.1110_C-0.100-A0.0797_C0.245,0.4722222222222223,0.7847634948539729,,,
641,ish_075,sim_ish,ws20-bs20_hq_A0.1110_C-0.100-A0.0724_C0.279,0.4735657596371882,0.7046936711888909,,,
642,ish_076,sim_ish,ws20-bs20_hq_A0.1110_C-0.100-A0.0724_C0.314,0.5220521541950114,0.8843110127956866,,,
643,ish_077,sim_ish,ws20-bs20_hq_A0.1110_C-0.100-A0.0700_C0.297,0.4890079365079365,0.7240695159627126,,,
644,ish_078,sim_ish,ws20-bs20_hq_A0.1110_C-0.100-A0.0700_C0.331,0.5192120181405896,0.8501165437604558,,,
645,ish_079,sim_ish,ws20-bs20_hq_A0.1110_C-0.100-A0.0700_C0.366,0.5605668934240363,0.7579251264514256,,,
646,ish_080,sim_ish,ws20-bs20_hq_A0.0990_C-0.066-A0.1376_C0.003,0.4309807256235828,0.6741895879887795,,,
647,ish_081,sim_ish,ws20-bs20_hq_A0.0990_C-0.066-A0.1352_C0.021,0.4445975056689343,0.752352123466471,,,
648,ish_082,sim_ish,ws20-bs20_hq_A0.0990_C-0.066-A0.1303_C0.055,0.4574036281179138,0.775116400767879,,,
649,ish_083,sim_ish,ws20-bs20_hq_A0.0990_C-0.066-A0.1279_C0.038,0.4374036281179137,0.7016446013566712,,,
650,ish_084,sim_ish,ws20-bs20_hq_A0.0990_C-0.066-A0.1279_C0.055,0.4540589569160998,0.7113296582523979,,,
651,ish_085,sim_ish,ws20-bs20_hq_A0.0990_C-0.066-A0.1231_C0.072,0.4469387755102041,0.6915909046048779,,,
652,ish_086,sim_ish,ws20-bs20_hq_A0.0990_C-0.066-A0.1183_C0.072,0.4353571428571428,0.6990994335995744,,,
653,ish_087,sim_ish,ws20-bs20_hq_A0.0990_C-0.066-A0.1134_C0.090,0.4324036281179138,0.6822177896486122,,,
654,ish_088,sim_ish,ws20-bs20_hq_A0.0990_C-0.066-A0.1134_C0.107,0.4415192743764173,0.6779938268761553,,,
655,ish_089,sim_ish,ws20-bs20_hq_A0.0990_C-0.066-A0.1062_C0.141,0.4511451247165533,0.7372100976530135,,,
656,ish_090,sim_ish,ws20-bs20_hq_A0.0990_C-0.066-A0.1038_C0.159,0.463265306122449,0.6645685283408529,,,
657,ish_091,sim_ish,ws20-bs20_hq_A0.0990_C-0.066-A0.0893_C0.228,0.4786621315192744,0.7700976895411522,,,
658,ish_092,sim_ish,ws20-bs20_hq_A0.0990_C-0.066-A0.0869_C0.210,0.4549376417233561,0.8012318453231182,,,
659,ish_093,sim_ish,ws20-bs20_hq_A0.0990_C-0.066-A0.0821_C0.245,0.4674206349206349,0.6709199765886462,,,
660,ish_094,sim_ish,ws20-bs20_hq_A0.0990_C-0.066-A0.0797_C0.245,0.4554705215419501,0.6274651188865439,,,
661,ish_095,sim_ish,ws20-bs20_hq_A0.0990_C-0.066-A0.0724_C0.279,0.4774206349206349,0.8068886016984871,,,
662,ish_096,sim_ish,ws20-bs20_hq_A0.0990_C-0.066-A0.0724_C0.314,0.5061961451247166,0.8426645852667963,,,
663,ish_097,sim_ish,ws20-bs20_hq_A0.0990_C-0.066-A0.0700_C0.297,0.4740419501133787,0.7160821634714101,,,
664,ish_098,sim_ish,ws20-bs20_hq_A0.0990_C-0.066-A0.0700_C0.331,0.5089285714285715,0.8326966887027746,,,
665,ish_099,sim_ish,ws20-bs20_hq_A0.0990_C-0.066-A0.0700_C0.366,0.5504251700680272,0.7499152018749096,,,
666,ish_100,sim_ish,ws20-bs20_hq_A0.0990_C-0.031-A0.1376_C0.003,0.4713321995464853,0.7679650924716687,,,
667,ish_101,sim_ish,ws20-bs20_hq_A0.0990_C-0.031-A0.1352_C0.021,0.4771145124716553,0.8351997865388365,,,
668,ish_102,sim_ish,ws20-bs20_hq_A0.0990_C-0.031-A0.1303_C0.055,0.4925907029478458,0.8366936810956491,,,
669,ish_103,sim_ish,ws20-bs20_hq_A0.0990_C-0.031-A0.1279_C0.038,0.4633446712018141,0.7794700012857121,,,
670,ish_104,sim_ish,ws20-bs20_hq_A0.0990_C-0.031-A0.1279_C0.055,0.4925850340136054,0.7857695147173961,,,
671,ish_105,sim_ish,ws20-bs20_hq_A0.0990_C-0.031-A0.1231_C0.072,0.4890589569160997,0.8181171218672777,,,
672,ish_106,sim_ish,ws20-bs20_hq_A0.0990_C-0.031-A0.1183_C0.072,0.4717403628117914,0.7688166041129454,,,
673,ish_107,sim_ish,ws20-bs20_hq_A0.0990_C-0.031-A0.1134_C0.090,0.4699716553287981,0.7753931686359721,,,
674,ish_108,sim_ish,ws20-bs20_hq_A0.0990_C-0.031-A0.1134_C0.107,0.484954648526077,0.7249803646025907,,,
675,ish_109,sim_ish,ws20-bs20_hq_A0.0990_C-0.031-A0.1062_C0.141,0.4930839002267574,0.8043061723121706,,,
676,ish_110,sim_ish,ws20-bs20_hq_A0.0990_C-0.031-A0.1038_C0.159,0.5010204081632653,0.8242022718506306,,,
677,ish_111,sim_ish,ws20-bs20_hq_A0.0990_C-0.031-A0.0893_C0.228,0.5197165532879819,0.8566841978341967,,,
678,ish_112,sim_ish,ws20-bs20_hq_A0.0990_C-0.031-A0.0869_C0.210,0.4923242630385488,0.7777275822497908,,,
679,ish_113,sim_ish,ws20-bs20_hq_A0.0990_C-0.031-A0.0821_C0.245,0.5088492063492063,0.8353785599135619,,,
680,ish_114,sim_ish,ws20-bs20_hq_A0.0990_C-0.031-A0.0797_C0.245,0.4953628117913832,0.7667256763855368,,,
681,ish_115,sim_ish,ws20-bs20_hq_A0.0990_C-0.031-A0.0724_C0.279,0.5041156462585034,0.8022431636634844,,,
682,ish_116,sim_ish,ws20-bs20_hq_A0.0990_C-0.031-A0.0724_C0.314,0.5395181405895692,0.8366816983583046,,,
683,ish_117,sim_ish,ws20-bs20_hq_A0.0990_C-0.031-A0.0700_C0.297,0.5134410430839003,0.8214254089763449,,,
684,ish_118,sim_ish,ws20-bs20_hq_A0.0990_C-0.031-A0.0700_C0.331,0.5421938775510204,0.8349255867530877,,,
685,ish_119,sim_ish,ws20-bs20_hq_A0.0990_C-0.031-A0.0700_C0.366,0.5796428571428571,0.7806339431599928,,,
686,ish_120,sim_ish,ws20-bs20_hq_A0.0990_C-0.048-A0.1376_C0.003,0.4566666666666666,0.7494485898458054,,,
687,ish_121,sim_ish,ws20-bs20_hq_A0.0990_C-0.048-A0.1352_C0.021,0.4678174603174603,0.7579286304625865,,,
688,ish_122,sim_ish,ws20-bs20_hq_A0.0990_C-0.048-A0.1303_C0.055,0.4782993197278912,0.8204489827800896,,,
689,ish_123,sim_ish,ws20-bs20_hq_A0.0990_C-0.048-A0.1279_C0.038,0.4494444444444444,0.7330251563008323,,,
690,ish_124,sim_ish,ws20-bs20_hq_A0.0990_C-0.048-A0.1279_C0.055,0.4735487528344671,0.8023533174536885,,,
691,ish_125,sim_ish,ws20-bs20_hq_A0.0990_C-0.048-A0.1231_C0.072,0.4669614512471656,0.7633324054841871,,,
692,ish_126,sim_ish,ws20-bs20_hq_A0.0990_C-0.048-A0.1183_C0.072,0.444092970521542,0.6987180234270615,,,
693,ish_127,sim_ish,ws20-bs20_hq_A0.0990_C-0.048-A0.1134_C0.090,0.4440816326530612,0.7119690872905253,,,
694,ish_128,sim_ish,ws20-bs20_hq_A0.0990_C-0.048-A0.1134_C0.107,0.4647789115646258,0.7279193185399605,,,
695,ish_129,sim_ish,ws20-bs20_hq_A0.0990_C-0.048-A0.1062_C0.141,0.4722789115646258,0.6945747548199402,,,
696,ish_130,sim_ish,ws20-bs20_hq_A0.0990_C-0.048-A0.1038_C0.159,0.4822845804988662,0.7123925574140079,,,
697,ish_131,sim_ish,ws20-bs20_hq_A0.0990_C-0.048-A0.0893_C0.228,0.4969727891156462,0.7991155294190508,,,
698,ish_132,sim_ish,ws20-bs20_hq_A0.0990_C-0.048-A0.0869_C0.210,0.4669160997732426,0.7100549944630488,,,
699,ish_133,sim_ish,ws20-bs20_hq_A0.0990_C-0.048-A0.0821_C0.245,0.475952380952381,0.7048098959554274,,,
700,ish_134,sim_ish,ws20-bs20_hq_A0.0990_C-0.048-A0.0797_C0.245,0.4820861678004536,0.7243161115601402,,,
701,ish_135,sim_ish,ws20-bs20_hq_A0.0990_C-0.048-A0.0724_C0.279,0.4830442176870749,0.7655332834167151,,,
702,ish_136,sim_ish,ws20-bs20_hq_A0.0990_C-0.048-A0.0724_C0.314,0.5174092970521542,0.7994354836608939,,,
703,ish_137,sim_ish,ws20-bs20_hq_A0.0990_C-0.048-A0.0700_C0.297,0.4898696145124716,0.7429232527895377,,,
704,ish_138,sim_ish,ws20-bs20_hq_A0.0990_C-0.048-A0.0700_C0.331,0.528968253968254,0.8557656989927076,,,
705,ish_139,sim_ish,ws20-bs20_hq_A0.0990_C-0.048-A0.0700_C0.366,0.5664795918367347,0.7596351855287901,,,
706,ish_140,sim_ish,ws20-bs20_hq_A0.0941_C-0.031-A0.1376_C0.003,0.4560884353741497,0.7717064429920366,,,
707,ish_141,sim_ish,ws20-bs20_hq_A0.0941_C-0.031-A0.1352_C0.021,0.4644727891156463,0.7705606611432829,,,
708,ish_142,sim_ish,ws20-bs20_hq_A0.0941_C-0.031-A0.1303_C0.055,0.472953514739229,0.7717805672076142,,,
709,ish_143,sim_ish,ws20-bs20_hq_A0.0941_C-0.031-A0.1279_C0.038,0.4487868480725624,0.7767578117803701,,,
710,ish_144,sim_ish,ws20-bs20_hq_A0.0941_C-0.031-A0.1279_C0.055,0.465,0.7193286719389911,,,
711,ish_145,sim_ish,ws20-bs20_hq_A0.0941_C-0.031-A0.1231_C0.072,0.4648185941043084,0.7601936579739936,,,
712,ish_146,sim_ish,ws20-bs20_hq_A0.0941_C-0.031-A0.1183_C0.072,0.4455498866213152,0.7218858809979312,,,
713,ish_147,sim_ish,ws20-bs20_hq_A0.0941_C-0.031-A0.1134_C0.090,0.4497562358276644,0.6813224401278637,,,
714,ish_148,sim_ish,ws20-bs20_hq_A0.0941_C-0.031-A0.1134_C0.107,0.4631349206349206,0.7165208534840506,,,
715,ish_149,sim_ish,ws20-bs20_hq_A0.0941_C-0.031-A0.1062_C0.141,0.4740816326530613,0.7316186680379725,,,
716,ish_150,sim_ish,ws20-bs20_hq_A0.0941_C-0.031-A0.1038_C0.159,0.4826020408163266,0.7477954061309399,,,
717,ish_151,sim_ish,ws20-bs20_hq_A0.0941_C-0.031-A0.0893_C0.228,0.4994671201814059,0.8437034388845923,,,
718,ish_152,sim_ish,ws20-bs20_hq_A0.0941_C-0.031-A0.0869_C0.210,0.4699149659863946,0.6944944371305166,,,
719,ish_153,sim_ish,ws20-bs20_hq_A0.0941_C-0.031-A0.0821_C0.245,0.4828798185941043,0.7325794857386383,,,
720,ish_154,sim_ish,ws20-bs20_hq_A0.0941_C-0.031-A0.0797_C0.245,0.4805385487528345,0.7790367597406027,,,
721,ish_155,sim_ish,ws20-bs20_hq_A0.0941_C-0.031-A0.0724_C0.279,0.4815589569160998,0.7814513706794874,,,
722,ish_156,sim_ish,ws20-bs20_hq_A0.0941_C-0.031-A0.0724_C0.314,0.5157539682539682,0.8024582982064588,,,
723,ish_157,sim_ish,ws20-bs20_hq_A0.0941_C-0.031-A0.0700_C0.297,0.4946655328798186,0.7811511534870224,,,
724,ish_158,sim_ish,ws20-bs20_hq_A0.0941_C-0.031-A0.0700_C0.331,0.5246485260770976,0.8168055077196557,,,
725,ish_159,sim_ish,ws20-bs20_hq_A0.0941_C-0.031-A0.0700_C0.366,0.5635600907029478,0.834020112404251,,,
726,ish_160,sim_ish,ws20-bs20_hq_A0.0917_C-0.031-A0.1376_C0.003,0.44222222222222224,0.7177315807402208,,,
727,ish_161,sim_ish,ws20-bs20_hq_A0.0917_C-0.031-A0.1352_C0.021,0.44807823129251706,0.7924322090138873,,,
728,ish_162,sim_ish,ws20-bs20_hq_A0.0917_C-0.031-A0.1303_C0.055,0.4640646258503402,0.7603288905051498,,,
729,ish_163,sim_ish,ws20-bs20_hq_A0.0917_C-0.031-A0.1279_C0.038,0.4364115646258504,0.6608258384478274,,,
730,ish_164,sim_ish,ws20-bs20_hq_A0.0917_C-0.031-A0.1279_C0.055,0.4553231292517007,0.7734595087265259,,,
731,ish_165,sim_ish,ws20-bs20_hq_A0.0917_C-0.031-A0.1231_C0.072,0.4603401360544218,0.7581253284548052,,,
732,ish_166,sim_ish,ws20-bs20_hq_A0.0917_C-0.031-A0.1183_C0.072,0.4261961451247165,0.5617529481245901,,,
733,ish_167,sim_ish,ws20-bs20_hq_A0.0917_C-0.031-A0.1134_C0.090,0.4387131519274376,0.6269728701399698,,,
734,ish_168,sim_ish,ws20-bs20_hq_A0.0917_C-0.031-A0.1134_C0.107,0.4502834467120181,0.6742802499528651,,,
735,ish_169,sim_ish,ws20-bs20_hq_A0.0917_C-0.031-A0.1062_C0.141,0.4655328798185941,0.6942306222230171,,,
736,ish_170,sim_ish,ws20-bs20_hq_A0.0917_C-0.031-A0.1038_C0.159,0.4704931972789116,0.7219591431578394,,,
737,ish_171,sim_ish,ws20-bs20_hq_A0.0917_C-0.031-A0.0893_C0.228,0.488985260770975,0.7498524877995841,,,
738,ish_172,sim_ish,ws20-bs20_hq_A0.0917_C-0.031-A0.0869_C0.210,0.4662471655328798,0.8130302401479378,,,
739,ish_173,sim_ish,ws20-bs20_hq_A0.0917_C-0.031-A0.0821_C0.245,0.4762244897959184,0.7033524503306429,,,
740,ish_174,sim_ish,ws20-bs20_hq_A0.0917_C-0.031-A0.0797_C0.245,0.4638321995464853,0.7152621803017607,,,
741,ish_175,sim_ish,ws20-bs20_hq_A0.0917_C-0.031-A0.0724_C0.279,0.4767573696145125,0.7028164355474371,,,
742,ish_176,sim_ish,ws20-bs20_hq_A0.0917_C-0.031-A0.0724_C0.314,0.5135544217687075,0.7824666654449242,,,
743,ish_177,sim_ish,ws20-bs20_hq_A0.0917_C-0.031-A0.0700_C0.297,0.4779818594104309,0.7126976194299625,,,
744,ish_178,sim_ish,ws20-bs20_hq_A0.0917_C-0.031-A0.0700_C0.331,0.5242800453514739,0.8530309155543089,,,
745,ish_179,sim_ish,ws20-bs20_hq_A0.0917_C-0.031-A0.0700_C0.366,0.5576587301587301,0.8018821361722686,,,
746,ish_180,sim_ish,ws20-bs20_hq_A0.0917_C-0.014-A0.1376_C0.003,0.4550510204081633,0.6854930009580034,,,
747,ish_181,sim_ish,ws20-bs20_hq_A0.0917_C-0.014-A0.1352_C0.021,0.4707482993197279,0.8025441281772936,,,
748,ish_182,sim_ish,ws20-bs20_hq_A0.0917_C-0.014-A0.1303_C0.055,0.4888321995464852,0.7819235515581664,,,
749,ish_183,sim_ish,ws20-bs20_hq_A0.0917_C-0.014-A0.1279_C0.038,0.4427437641723356,0.642286323799463,,,
750,ish_184,sim_ish,ws20-bs20_hq_A0.0917_C-0.014-A0.1279_C0.055,0.4742403628117914,0.7389270920829001,,,
751,ish_185,sim_ish,ws20-bs20_hq_A0.0917_C-0.014-A0.1231_C0.072,0.4748072562358277,0.7229185066468149,,,
752,ish_186,sim_ish,ws20-bs20_hq_A0.0917_C-0.014-A0.1183_C0.072,0.4528968253968254,0.6641198336339795,,,
753,ish_187,sim_ish,ws20-bs20_hq_A0.0917_C-0.014-A0.1134_C0.090,0.4550340136054422,0.7595403858069909,,,
754,ish_188,sim_ish,ws20-bs20_hq_A0.0917_C-0.014-A0.1134_C0.107,0.4689569160997733,0.6773353900918927,,,
755,ish_189,sim_ish,ws20-bs20_hq_A0.0917_C-0.014-A0.1062_C0.141,0.4778458049886621,0.7384645213721464,,,
756,ish_190,sim_ish,ws20-bs20_hq_A0.0917_C-0.014-A0.1038_C0.159,0.494030612244898,0.7755483944922139,,,
757,ish_191,sim_ish,ws20-bs20_hq_A0.0917_C-0.014-A0.0893_C0.228,0.5125453514739229,0.8298830088516048,,,
758,ish_192,sim_ish,ws20-bs20_hq_A0.0917_C-0.014-A0.0869_C0.210,0.4765646258503402,0.7171027059657058,,,
759,ish_193,sim_ish,ws20-bs20_hq_A0.0917_C-0.014-A0.0821_C0.245,0.5033616780045351,0.8338499731663057,,,
760,ish_194,sim_ish,ws20-bs20_hq_A0.0917_C-0.014-A0.0797_C0.245,0.4760997732426304,0.6587193667070049,,,
761,ish_195,sim_ish,ws20-bs20_hq_A0.0917_C-0.014-A0.0724_C0.279,0.4863945578231293,0.7543258734790965,,,
762,ish_196,sim_ish,ws20-bs20_hq_A0.0917_C-0.014-A0.0724_C0.314,0.5310600907029478,0.8364318212324686,,,
763,ish_197,sim_ish,ws20-bs20_hq_A0.0917_C-0.014-A0.0700_C0.297,0.5005839002267574,0.8215154310283894,,,
764,ish_198,sim_ish,ws20-bs20_hq_A0.0917_C-0.014-A0.0700_C0.331,0.5254251700680271,0.8158076532741269,,,
765,ish_199,sim_ish,ws20-bs20_hq_A0.0917_C-0.014-A0.0700_C0.366,0.5668650793650793,0.8200673309653639,,,
766,ish_200,sim_ish,ws20-bs20_hq_A0.0917_C0.021-A0.1376_C0.003,0.49584467120181397,0.8417835655335404,,,
767,ish_201,sim_ish,ws20-bs20_hq_A0.0917_C0.021-A0.1352_C0.021,0.4997392290249433,0.7490910906122008,,,
768,ish_202,sim_ish,ws20-bs20_hq_A0.0917_C0.021-A0.1303_C0.055,0.5236621315192743,0.8864327826837579,,,
769,ish_203,sim_ish,ws20-bs20_hq_A0.0917_C0.021-A0.1279_C0.038,0.4886904761904762,0.7409997839381972,,,
770,ish_204,sim_ish,ws20-bs20_hq_A0.0917_C0.021-A0.1279_C0.055,0.5211054421768707,0.8555413938290439,,,
771,ish_205,sim_ish,ws20-bs20_hq_A0.0917_C0.021-A0.1231_C0.072,0.50952947845805,0.8069298746867397,,,
772,ish_206,sim_ish,ws20-bs20_hq_A0.0917_C0.021-A0.1183_C0.072,0.4923185941043084,0.7980520169201726,,,
773,ish_207,sim_ish,ws20-bs20_hq_A0.0917_C0.021-A0.1134_C0.090,0.4981519274376418,0.8427958724194586,,,
774,ish_208,sim_ish,ws20-bs20_hq_A0.0917_C0.021-A0.1134_C0.107,0.5070238095238095,0.7935457157266934,,,
775,ish_209,sim_ish,ws20-bs20_hq_A0.0917_C0.021-A0.1062_C0.141,0.5245408163265306,0.8595443288523013,,,
776,ish_210,sim_ish,ws20-bs20_hq_A0.0917_C0.021-A0.1038_C0.159,0.5294727891156463,0.8708361297946048,,,
777,ish_211,sim_ish,ws20-bs20_hq_A0.0917_C0.021-A0.0893_C0.228,0.5459637188208617,0.7989379283865734,,,
778,ish_212,sim_ish,ws20-bs20_hq_A0.0917_C0.021-A0.0869_C0.210,0.5160544217687074,0.8732164888252194,,,
779,ish_213,sim_ish,ws20-bs20_hq_A0.0917_C0.021-A0.0821_C0.245,0.5359807256235828,0.8389623044202486,,,
780,ish_214,sim_ish,ws20-bs20_hq_A0.0917_C0.021-A0.0797_C0.245,0.5158900226757369,0.8257345448821157,,,
781,ish_215,sim_ish,ws20-bs20_hq_A0.0917_C0.021-A0.0724_C0.279,0.5228798185941043,0.8338201846129385,,,
782,ish_216,sim_ish,ws20-bs20_hq_A0.0917_C0.021-A0.0724_C0.314,0.5620181405895692,0.7604919999837914,,,
783,ish_217,sim_ish,ws20-bs20_hq_A0.0917_C0.021-A0.0700_C0.297,0.5337585034013606,0.8540133889199708,,,
784,ish_218,sim_ish,ws20-bs20_hq_A0.0917_C0.021-A0.0700_C0.331,0.5657766439909298,0.8131442718227886,,,
785,ish_219,sim_ish,ws20-bs20_hq_A0.0917_C0.021-A0.0700_C0.366,0.6036904761904762,0.6378656450908458,,,
786,ish_220,sim_ish,ws20-bs20_hq_A0.0893_C0.038-A0.1376_C0.003,0.5091553287981859,0.8250067413997939,,,
787,ish_221,sim_ish,ws20-bs20_hq_A0.0893_C0.038-A0.1352_C0.021,0.5130952380952382,0.8433063527324012,,,
788,ish_222,sim_ish,ws20-bs20_hq_A0.0893_C0.038-A0.1303_C0.055,0.5334410430839003,0.8327218374610995,,,
789,ish_223,sim_ish,ws20-bs20_hq_A0.0893_C0.038-A0.1279_C0.038,0.5107086167800454,0.8220553655627238,,,
790,ish_224,sim_ish,ws20-bs20_hq_A0.0893_C0.038-A0.1279_C0.055,0.5240022675736962,0.8473776633988288,,,
791,ish_225,sim_ish,ws20-bs20_hq_A0.0893_C0.038-A0.1231_C0.072,0.5206689342403629,0.8197603554535449,,,
792,ish_226,sim_ish,ws20-bs20_hq_A0.0893_C0.038-A0.1183_C0.072,0.4971995464852608,0.8232997249580698,,,
793,ish_227,sim_ish,ws20-bs20_hq_A0.0893_C0.038-A0.1134_C0.090,0.5003741496598639,0.8034793171838913,,,
794,ish_228,sim_ish,ws20-bs20_hq_A0.0893_C0.038-A0.1134_C0.107,0.5219557823129252,0.828054900644914,,,
795,ish_229,sim_ish,ws20-bs20_hq_A0.0893_C0.038-A0.1062_C0.141,0.5335884353741497,0.8531249089100013,,,
796,ish_230,sim_ish,ws20-bs20_hq_A0.0893_C0.038-A0.1038_C0.159,0.5385714285714286,0.8566710602171991,,,
797,ish_231,sim_ish,ws20-bs20_hq_A0.0893_C0.038-A0.0893_C0.228,0.5495578231292517,0.7958478868243333,,,
798,ish_232,sim_ish,ws20-bs20_hq_A0.0893_C0.038-A0.0869_C0.210,0.5198299319727891,0.8293004715797629,,,
799,ish_233,sim_ish,ws20-bs20_hq_A0.0893_C0.038-A0.0821_C0.245,0.5384693877551021,0.8398045777917759,,,
800,ish_234,sim_ish,ws20-bs20_hq_A0.0893_C0.038-A0.0797_C0.245,0.5365476190476189,0.8318148210589794,,,
801,ish_235,sim_ish,ws20-bs20_hq_A0.0893_C0.038-A0.0724_C0.279,0.5313945578231292,0.8119702119111156,,,
802,ish_236,sim_ish,ws20-bs20_hq_A0.0893_C0.038-A0.0724_C0.314,0.5743083900226758,0.7413149150769329,,,
803,ish_237,sim_ish,ws20-bs20_hq_A0.0893_C0.038-A0.0700_C0.297,0.5321938775510203,0.8228633497740186,,,
804,ish_238,sim_ish,ws20-bs20_hq_A0.0893_C0.038-A0.0700_C0.331,0.5787188208616779,0.7675712459788328,,,
805,ish_239,sim_ish,ws20-bs20_hq_A0.0893_C0.038-A0.0700_C0.366,0.6096315192743764,0.6634818255106365,,,
806,ish_240,sim_ish,ws20-bs20_hq_A0.0893_C-0.014-A0.1376_C0.003,0.4536791383219954,0.7877116541467599,,,
807,ish_241,sim_ish,ws20-bs20_hq_A0.0893_C-0.014-A0.1352_C0.021,0.4608673469387755,0.7852740737100778,,,
808,ish_242,sim_ish,ws20-bs20_hq_A0.0893_C-0.014-A0.1303_C0.055,0.4749319727891157,0.7125130103201396,,,
809,ish_243,sim_ish,ws20-bs20_hq_A0.0893_C-0.014-A0.1279_C0.038,0.4400510204081632,0.5898233998768628,,,
810,ish_244,sim_ish,ws20-bs20_hq_A0.0893_C-0.014-A0.1279_C0.055,0.4701473922902494,0.7794772222255694,,,
811,ish_245,sim_ish,ws20-bs20_hq_A0.0893_C-0.014-A0.1231_C0.072,0.460062358276644,0.6868593854707932,,,
812,ish_246,sim_ish,ws20-bs20_hq_A0.0893_C-0.014-A0.1183_C0.072,0.4495634920634921,0.6868704730135007,,,
813,ish_247,sim_ish,ws20-bs20_hq_A0.0893_C-0.014-A0.1134_C0.090,0.4493197278911564,0.6257998317902927,,,
814,ish_248,sim_ish,ws20-bs20_hq_A0.0893_C-0.014-A0.1134_C0.107,0.4624829931972789,0.6684648243475736,,,
815,ish_249,sim_ish,ws20-bs20_hq_A0.0893_C-0.014-A0.1062_C0.141,0.4673696145124717,0.6738221518324312,,,
816,ish_250,sim_ish,ws20-bs20_hq_A0.0893_C-0.014-A0.1038_C0.159,0.4785204081632653,0.7414705024959825,,,
817,ish_251,sim_ish,ws20-bs20_hq_A0.0893_C-0.014-A0.0893_C0.228,0.494954648526077,0.7580690860686371,,,
818,ish_252,sim_ish,ws20-bs20_hq_A0.0893_C-0.014-A0.0869_C0.210,0.4696145124716553,0.7081275454628176,,,
819,ish_253,sim_ish,ws20-bs20_hq_A0.0893_C-0.014-A0.0821_C0.245,0.4907879818594104,0.8345090569767422,,,
820,ish_254,sim_ish,ws20-bs20_hq_A0.0893_C-0.014-A0.0797_C0.245,0.4721825396825397,0.6596299862031596,,,
821,ish_255,sim_ish,ws20-bs20_hq_A0.0893_C-0.014-A0.0724_C0.279,0.4868480725623582,0.7569942219204191,,,
822,ish_256,sim_ish,ws20-bs20_hq_A0.0893_C-0.014-A0.0724_C0.314,0.5153968253968254,0.8245315132511088,,,
823,ish_257,sim_ish,ws20-bs20_hq_A0.0893_C-0.014-A0.0700_C0.297,0.4885487528344671,0.7606519144195609,,,
824,ish_258,sim_ish,ws20-bs20_hq_A0.0893_C-0.014-A0.0700_C0.331,0.5251757369614513,0.8439400238292756,,,
825,ish_259,sim_ish,ws20-bs20_hq_A0.0893_C-0.014-A0.0700_C0.366,0.5568253968253968,0.8331568016529128,,,
826,ish_260,sim_ish,ws20-bs20_hq_A0.0821_C0.038-A0.1376_C0.003,0.480827664399093,0.7585244320796046,,,
827,ish_261,sim_ish,ws20-bs20_hq_A0.0821_C0.038-A0.1352_C0.021,0.4862358276643991,0.8496632637999444,,,
828,ish_262,sim_ish,ws20-bs20_hq_A0.0821_C0.038-A0.1303_C0.055,0.5032369614512472,0.817038108971073,,,
829,ish_263,sim_ish,ws20-bs20_hq_A0.0821_C0.038-A0.1279_C0.038,0.4681689342403628,0.7213188618336839,,,
830,ish_264,sim_ish,ws20-bs20_hq_A0.0821_C0.038-A0.1279_C0.055,0.4948356009070294,0.8048703543712157,,,
831,ish_265,sim_ish,ws20-bs20_hq_A0.0821_C0.038-A0.1231_C0.072,0.4920238095238095,0.7410351726135608,,,
832,ish_266,sim_ish,ws20-bs20_hq_A0.0821_C0.038-A0.1183_C0.072,0.4733560090702948,0.759175365612774,,,
833,ish_267,sim_ish,ws20-bs20_hq_A0.0821_C0.038-A0.1134_C0.090,0.4658333333333333,0.6138725415370658,,,
834,ish_268,sim_ish,ws20-bs20_hq_A0.0821_C0.038-A0.1134_C0.107,0.4866496598639456,0.7562370326666309,,,
835,ish_269,sim_ish,ws20-bs20_hq_A0.0821_C0.038-A0.1062_C0.141,0.4998582766439909,0.8041307847222127,,,
836,ish_270,sim_ish,ws20-bs20_hq_A0.0821_C0.038-A0.1038_C0.159,0.49859410430839,0.7806211719965241,,,
837,ish_271,sim_ish,ws20-bs20_hq_A0.0821_C0.038-A0.0893_C0.228,0.5227380952380952,0.8424042789286857,,,
838,ish_272,sim_ish,ws20-bs20_hq_A0.0821_C0.038-A0.0869_C0.210,0.4973299319727891,0.8219561439088142,,,
839,ish_273,sim_ish,ws20-bs20_hq_A0.0821_C0.038-A0.0821_C0.245,0.503860544217687,0.7974117165580115,,,
840,ish_274,sim_ish,ws20-bs20_hq_A0.0821_C0.038-A0.0797_C0.245,0.5016950113378684,0.794576274619756,,,
841,ish_275,sim_ish,ws20-bs20_hq_A0.0821_C0.038-A0.0724_C0.279,0.5089965986394557,0.8682291739477799,,,
842,ish_276,sim_ish,ws20-bs20_hq_A0.0821_C0.038-A0.0724_C0.314,0.5402097505668935,0.7835540161602941,,,
843,ish_277,sim_ish,ws20-bs20_hq_A0.0821_C0.038-A0.0700_C0.297,0.5130895691609977,0.8777477138192635,,,
844,ish_278,sim_ish,ws20-bs20_hq_A0.0821_C0.038-A0.0700_C0.331,0.5461734693877551,0.8736372675039075,,,
845,ish_279,sim_ish,ws20-bs20_hq_A0.0821_C0.038-A0.0700_C0.366,0.5790816326530612,0.7387829306791526,,,
846,ish_280,sim_ish,ws20-bs20_hq_A0.0797_C0.003-A0.1376_C0.003,0.4331519274376417,0.7166572997817046,,,
847,ish_281,sim_ish,ws20-bs20_hq_A0.0797_C0.003-A0.1352_C0.021,0.4377380952380952,0.6899193199554337,,,
848,ish_282,sim_ish,ws20-bs20_hq_A0.0797_C0.003-A0.1303_C0.055,0.4455555555555555,0.6196773350418207,,,
849,ish_283,sim_ish,ws20-bs20_hq_A0.0797_C0.003-A0.1279_C0.038,0.42685941043083897,0.6142630811972205,,,
850,ish_284,sim_ish,ws20-bs20_hq_A0.0797_C0.003-A0.1279_C0.055,0.4451643990929705,0.7357290923909134,,,
851,ish_285,sim_ish,ws20-bs20_hq_A0.0797_C0.003-A0.1231_C0.072,0.4407596371882086,0.6570417654636285,,,
852,ish_286,sim_ish,ws20-bs20_hq_A0.0797_C0.003-A0.1183_C0.072,0.4242630385487529,0.5617757581917269,,,
853,ish_287,sim_ish,ws20-bs20_hq_A0.0797_C0.003-A0.1134_C0.090,0.4306009070294785,0.6394365990577708,,,
854,ish_288,sim_ish,ws20-bs20_hq_A0.0797_C0.003-A0.1134_C0.107,0.4454421768707483,0.6730438693019876,,,
855,ish_289,sim_ish,ws20-bs20_hq_A0.0797_C0.003-A0.1062_C0.141,0.4507596371882086,0.6170146354324717,,,
856,ish_290,sim_ish,ws20-bs20_hq_A0.0797_C0.003-A0.1038_C0.159,0.4541553287981859,0.6393784318310731,,,
857,ish_291,sim_ish,ws20-bs20_hq_A0.0797_C0.003-A0.0893_C0.228,0.4789002267573697,0.7227184200250117,,,
858,ish_292,sim_ish,ws20-bs20_hq_A0.0797_C0.003-A0.0869_C0.210,0.4522165532879819,0.6743001756177414,,,
859,ish_293,sim_ish,ws20-bs20_hq_A0.0797_C0.003-A0.0821_C0.245,0.4642913832199546,0.6875195000306834,,,
860,ish_294,sim_ish,ws20-bs20_hq_A0.0797_C0.003-A0.0797_C0.245,0.4582086167800453,0.6868341313172646,,,
861,ish_295,sim_ish,ws20-bs20_hq_A0.0797_C0.003-A0.0724_C0.279,0.4669501133786848,0.7533163599949233,,,
862,ish_296,sim_ish,ws20-bs20_hq_A0.0797_C0.003-A0.0724_C0.314,0.4928004535147392,0.7676877884445656,,,
863,ish_297,sim_ish,ws20-bs20_hq_A0.0797_C0.003-A0.0700_C0.297,0.4743253968253968,0.8052658259690978,,,
864,ish_298,sim_ish,ws20-bs20_hq_A0.0797_C0.003-A0.0700_C0.331,0.5074943310657597,0.8466807431070088,,,
865,ish_299,sim_ish,ws20-bs20_hq_A0.0797_C0.003-A0.0700_C0.366,0.5348696145124716,0.8873258339445443,,,
866,ish_300,sim_ish,ws20-bs20_hq_A0.0797_C0.038-A0.1376_C0.003,0.4669444444444445,0.6910910937354229,,,
867,ish_301,sim_ish,ws20-bs20_hq_A0.0797_C0.038-A0.1352_C0.021,0.4799773242630385,0.7919279249718475,,,
868,ish_302,sim_ish,ws20-bs20_hq_A0.0797_C0.038-A0.1303_C0.055,0.4845691609977325,0.6870145856518871,,,
869,ish_303,sim_ish,ws20-bs20_hq_A0.0797_C0.038-A0.1279_C0.038,0.4565589569160998,0.6601030120287261,,,
870,ish_304,sim_ish,ws20-bs20_hq_A0.0797_C0.038-A0.1279_C0.055,0.4802777777777778,0.7774109709167362,,,
871,ish_305,sim_ish,ws20-bs20_hq_A0.0797_C0.038-A0.1231_C0.072,0.482874149659864,0.7313683531310324,,,
872,ish_306,sim_ish,ws20-bs20_hq_A0.0797_C0.038-A0.1183_C0.072,0.4604308390022676,0.6559760920681712,,,
873,ish_307,sim_ish,ws20-bs20_hq_A0.0797_C0.038-A0.1134_C0.090,0.455702947845805,0.6175738390072989,,,
874,ish_308,sim_ish,ws20-bs20_hq_A0.0797_C0.038-A0.1134_C0.107,0.4720521541950114,0.7239773491808155,,,
875,ish_309,sim_ish,ws20-bs20_hq_A0.0797_C0.038-A0.1062_C0.141,0.4935884353741497,0.7641091448255822,,,
876,ish_310,sim_ish,ws20-bs20_hq_A0.0797_C0.038-A0.1038_C0.159,0.5005328798185942,0.7348195534078154,,,
877,ish_311,sim_ish,ws20-bs20_hq_A0.0797_C0.038-A0.0893_C0.228,0.5097562358276644,0.787205488310005,,,
878,ish_312,sim_ish,ws20-bs20_hq_A0.0797_C0.038-A0.0869_C0.210,0.4798582766439909,0.798485457947022,,,
879,ish_313,sim_ish,ws20-bs20_hq_A0.0797_C0.038-A0.0821_C0.245,0.502874149659864,0.8719215689203477,,,
880,ish_314,sim_ish,ws20-bs20_hq_A0.0797_C0.038-A0.0797_C0.245,0.48859410430839,0.7485403921963079,,,
881,ish_315,sim_ish,ws20-bs20_hq_A0.0797_C0.038-A0.0724_C0.279,0.4997959183673469,0.8222047311539159,,,
882,ish_316,sim_ish,ws20-bs20_hq_A0.0797_C0.038-A0.0724_C0.314,0.5289625850340136,0.8721438758892579,,,
883,ish_317,sim_ish,ws20-bs20_hq_A0.0797_C0.038-A0.0700_C0.297,0.5026020408163265,0.8398959165525679,,,
884,ish_318,sim_ish,ws20-bs20_hq_A0.0797_C0.038-A0.0700_C0.331,0.5329251700680273,0.8388476986517367,,,
885,ish_319,sim_ish,ws20-bs20_hq_A0.0797_C0.038-A0.0700_C0.366,0.567437641723356,0.8190699179427936,,,
886,ish_320,sim_ish,ws20-bs20_hq_A0.0772_C-0.014-A0.1376_C0.003,0.3958843537414966,0.615484685087869,,,
887,ish_321,sim_ish,ws20-bs20_hq_A0.0772_C-0.014-A0.1352_C0.021,0.4139512471655329,0.6232290785799728,,,
888,ish_322,sim_ish,ws20-bs20_hq_A0.0772_C-0.014-A0.1303_C0.055,0.4282256235827665,0.6260241440894141,,,
889,ish_323,sim_ish,ws20-bs20_hq_A0.0772_C-0.014-A0.1279_C0.038,0.4008503401360544,0.5543331587953791,,,
890,ish_324,sim_ish,ws20-bs20_hq_A0.0772_C-0.014-A0.1279_C0.055,0.4171428571428572,0.6068005827684433,,,
891,ish_325,sim_ish,ws20-bs20_hq_A0.0772_C-0.014-A0.1231_C0.072,0.4187244897959184,0.5748944497690869,,,
892,ish_326,sim_ish,ws20-bs20_hq_A0.0772_C-0.014-A0.1183_C0.072,0.40478458049886623,0.597659172523731,,,
893,ish_327,sim_ish,ws20-bs20_hq_A0.0772_C-0.014-A0.1134_C0.090,0.3991893424036281,0.5232966897750375,,,
894,ish_328,sim_ish,ws20-bs20_hq_A0.0772_C-0.014-A0.1134_C0.107,0.4118877551020408,0.4548624768351127,,,
895,ish_329,sim_ish,ws20-bs20_hq_A0.0772_C-0.014-A0.1062_C0.141,0.4196712018140589,0.5008279260551103,,,
896,ish_330,sim_ish,ws20-bs20_hq_A0.0772_C-0.014-A0.1038_C0.159,0.44009637188208617,0.6796823881705731,,,
897,ish_331,sim_ish,ws20-bs20_hq_A0.0772_C-0.014-A0.0893_C0.228,0.44556689342403627,0.7235100251775861,,,
898,ish_332,sim_ish,ws20-bs20_hq_A0.0772_C-0.014-A0.0869_C0.210,0.42437074829931976,0.6186043500541996,,,
899,ish_333,sim_ish,ws20-bs20_hq_A0.0772_C-0.014-A0.0821_C0.245,0.4470068027210885,0.7388354200328023,,,
900,ish_334,sim_ish,ws20-bs20_hq_A0.0772_C-0.014-A0.0797_C0.245,0.4399092970521542,0.5751693418750586,,,
901,ish_335,sim_ish,ws20-bs20_hq_A0.0772_C-0.014-A0.0724_C0.279,0.4406519274376417,0.6479989014119374,,,
902,ish_336,sim_ish,ws20-bs20_hq_A0.0772_C-0.014-A0.0724_C0.314,0.4748639455782313,0.7725408170835972,,,
903,ish_337,sim_ish,ws20-bs20_hq_A0.0772_C-0.014-A0.0700_C0.297,0.4579988662131519,0.7189227400327485,,,
904,ish_338,sim_ish,ws20-bs20_hq_A0.0772_C-0.014-A0.0700_C0.331,0.4762244897959184,0.7545090839810404,,,
905,ish_339,sim_ish,ws20-bs20_hq_A0.0772_C-0.014-A0.0700_C0.366,0.5098242630385488,0.8122430356382274,,,
906,ish_340,sim_ish,ws20-bs20_hq_A0.0748_C0.055-A0.1376_C0.003,0.4733049886621316,0.745427846021173,,,
907,ish_341,sim_ish,ws20-bs20_hq_A0.0748_C0.055-A0.1352_C0.021,0.4772165532879819,0.7301871544041324,,,
908,ish_342,sim_ish,ws20-bs20_hq_A0.0748_C0.055-A0.1303_C0.055,0.4986678004535148,0.8234975195335217,,,
909,ish_343,sim_ish,ws20-bs20_hq_A0.0748_C0.055-A0.1279_C0.038,0.4686507936507937,0.7742075727277727,,,
910,ish_344,sim_ish,ws20-bs20_hq_A0.0748_C0.055-A0.1279_C0.055,0.480374149659864,0.7399729441304179,,,
911,ish_345,sim_ish,ws20-bs20_hq_A0.0748_C0.055-A0.1231_C0.072,0.4770294784580499,0.7353626057357654,,,
912,ish_346,sim_ish,ws20-bs20_hq_A0.0748_C0.055-A0.1183_C0.072,0.4625566893424036,0.6743264433254809,,,
913,ish_347,sim_ish,ws20-bs20_hq_A0.0748_C0.055-A0.1134_C0.090,0.4648185941043084,0.6498232584705238,,,
914,ish_348,sim_ish,ws20-bs20_hq_A0.0748_C0.055-A0.1134_C0.107,0.4815759637188209,0.7367299350562138,,,
915,ish_349,sim_ish,ws20-bs20_hq_A0.0748_C0.055-A0.1062_C0.141,0.4909977324263039,0.7486346554986569,,,
916,ish_350,sim_ish,ws20-bs20_hq_A0.0748_C0.055-A0.1038_C0.159,0.4903968253968254,0.7196083417661243,,,
917,ish_351,sim_ish,ws20-bs20_hq_A0.0748_C0.055-A0.0893_C0.228,0.5053004535147392,0.8126068882479042,,,
918,ish_352,sim_ish,ws20-bs20_hq_A0.0748_C0.055-A0.0869_C0.210,0.4824886621315193,0.827979818528256,,,
919,ish_353,sim_ish,ws20-bs20_hq_A0.0748_C0.055-A0.0821_C0.245,0.4989002267573696,0.8546431803364132,,,
920,ish_354,sim_ish,ws20-bs20_hq_A0.0748_C0.055-A0.0797_C0.245,0.4847448979591837,0.8125261761931195,,,
921,ish_355,sim_ish,ws20-bs20_hq_A0.0748_C0.055-A0.0724_C0.279,0.5007426303854875,0.8141426031759379,,,
922,ish_356,sim_ish,ws20-bs20_hq_A0.0748_C0.055-A0.0724_C0.314,0.5280102040816326,0.8501779002387364,,,
923,ish_357,sim_ish,ws20-bs20_hq_A0.0748_C0.055-A0.0700_C0.297,0.5095068027210884,0.8847369962353352,,,
924,ish_358,sim_ish,ws20-bs20_hq_A0.0748_C0.055-A0.0700_C0.331,0.5297732426303855,0.8669407156853817,,,
925,ish_359,sim_ish,ws20-bs20_hq_A0.0748_C0.055-A0.0700_C0.366,0.558327664399093,0.8222121078276029,,,
926,ish_360,sim_ish,ws20-bs20_hq_A0.0724_C0.038-A0.1376_C0.003,0.4369501133786848,0.6740073301951945,,,
927,ish_361,sim_ish,ws20-bs20_hq_A0.0724_C0.038-A0.1352_C0.021,0.4569274376417233,0.7320743137809631,,,
928,ish_362,sim_ish,ws20-bs20_hq_A0.0724_C0.038-A0.1303_C0.055,0.4698129251700681,0.7330350051922443,,,
929,ish_363,sim_ish,ws20-bs20_hq_A0.0724_C0.038-A0.1279_C0.038,0.4352834467120181,0.6076534632292985,,,
930,ish_364,sim_ish,ws20-bs20_hq_A0.0724_C0.038-A0.1279_C0.055,0.4524603174603175,0.6393733700996176,,,
931,ish_365,sim_ish,ws20-bs20_hq_A0.0724_C0.038-A0.1231_C0.072,0.455,0.6683259429197705,,,
932,ish_366,sim_ish,ws20-bs20_hq_A0.0724_C0.038-A0.1183_C0.072,0.4351643990929705,0.5708944777802168,,,
933,ish_367,sim_ish,ws20-bs20_hq_A0.0724_C0.038-A0.1134_C0.090,0.4352607709750567,0.5773698524182422,,,
934,ish_368,sim_ish,ws20-bs20_hq_A0.0724_C0.038-A0.1134_C0.107,0.44796485260770974,0.6605290383482438,,,
935,ish_369,sim_ish,ws20-bs20_hq_A0.0724_C0.038-A0.1062_C0.141,0.4657539682539682,0.6829665523696304,,,
936,ish_370,sim_ish,ws20-bs20_hq_A0.0724_C0.038-A0.1038_C0.159,0.4720011337868481,0.7701767976164214,,,
937,ish_371,sim_ish,ws20-bs20_hq_A0.0724_C0.038-A0.0893_C0.228,0.4733049886621316,0.6605216700719632,,,
938,ish_372,sim_ish,ws20-bs20_hq_A0.0724_C0.038-A0.0869_C0.210,0.455374149659864,0.6082312899078147,,,
939,ish_373,sim_ish,ws20-bs20_hq_A0.0724_C0.038-A0.0821_C0.245,0.4826814058956916,0.7962849529530167,,,
940,ish_374,sim_ish,ws20-bs20_hq_A0.0724_C0.038-A0.0797_C0.245,0.4720975056689343,0.7946460350744636,,,
941,ish_375,sim_ish,ws20-bs20_hq_A0.0724_C0.038-A0.0724_C0.279,0.4805668934240363,0.8199852392440352,,,
942,ish_376,sim_ish,ws20-bs20_hq_A0.0724_C0.038-A0.0724_C0.314,0.500640589569161,0.8593575125970319,,,
943,ish_377,sim_ish,ws20-bs20_hq_A0.0724_C0.038-A0.0700_C0.297,0.4848356009070295,0.8136295285423552,,,
944,ish_378,sim_ish,ws20-bs20_hq_A0.0724_C0.038-A0.0700_C0.331,0.5108106575963719,0.8454384555651528,,,
945,ish_379,sim_ish,ws20-bs20_hq_A0.0724_C0.038-A0.0700_C0.366,0.5374433106575964,0.8582695042048261,,,
946,ish_380,sim_ish,ws20-bs20_hq_A0.0700_C0.072-A0.1376_C0.003,0.4586167800453514,0.6919262419990331,,,
947,ish_381,sim_ish,ws20-bs20_hq_A0.0700_C0.072-A0.1352_C0.021,0.4697732426303855,0.7156892226060749,,,
948,ish_382,sim_ish,ws20-bs20_hq_A0.0700_C0.072-A0.1303_C0.055,0.4880498866213152,0.7566534306387794,,,
949,ish_383,sim_ish,ws20-bs20_hq_A0.0700_C0.072-A0.1279_C0.038,0.4663832199546485,0.7717758699414945,,,
950,ish_384,sim_ish,ws20-bs20_hq_A0.0700_C0.072-A0.1279_C0.055,0.4733956916099774,0.7155487146041901,,,
951,ish_385,sim_ish,ws20-bs20_hq_A0.0700_C0.072-A0.1231_C0.072,0.4761167800453514,0.7215182716900413,,,
952,ish_386,sim_ish,ws20-bs20_hq_A0.0700_C0.072-A0.1183_C0.072,0.4553514739229025,0.6011018208471126,,,
953,ish_387,sim_ish,ws20-bs20_hq_A0.0700_C0.072-A0.1134_C0.090,0.4574376417233561,0.6534342049313618,,,
954,ish_388,sim_ish,ws20-bs20_hq_A0.0700_C0.072-A0.1134_C0.107,0.4751700680272109,0.6525295324350915,,,
955,ish_389,sim_ish,ws20-bs20_hq_A0.0700_C0.072-A0.1062_C0.141,0.4840759637188209,0.7331974619750199,,,
956,ish_390,sim_ish,ws20-bs20_hq_A0.0700_C0.072-A0.1038_C0.159,0.4926133786848073,0.6965648407817738,,,
957,ish_391,sim_ish,ws20-bs20_hq_A0.0700_C0.072-A0.0893_C0.228,0.5086281179138322,0.8227890031721352,,,
958,ish_392,sim_ish,ws20-bs20_hq_A0.0700_C0.072-A0.0869_C0.210,0.4772902494331066,0.772601447587287,,,
959,ish_393,sim_ish,ws20-bs20_hq_A0.0700_C0.072-A0.0821_C0.245,0.4976020408163265,0.7873390435158379,,,
960,ish_394,sim_ish,ws20-bs20_hq_A0.0700_C0.072-A0.0797_C0.245,0.4901927437641723,0.8200174943631997,,,
961,ish_395,sim_ish,ws20-bs20_hq_A0.0700_C0.072-A0.0724_C0.279,0.4922392290249433,0.8322285939140583,,,
962,ish_396,sim_ish,ws20-bs20_hq_A0.0700_C0.072-A0.0724_C0.314,0.5109750566893424,0.8677160840481641,,,
963,ish_397,sim_ish,ws20-bs20_hq_A0.0700_C0.072-A0.0700_C0.297,0.489280045351474,0.7940997792921629,,,
964,ish_398,sim_ish,ws20-bs20_hq_A0.0700_C0.072-A0.0700_C0.331,0.5221145124716553,0.8494657031016747,,,
965,ish_399,sim_ish,ws20-bs20_hq_A0.0700_C0.072-A0.0700_C0.366,0.5544954648526077,0.8183806403798939,,,
