,file_base,png_file_q,lightness,complexity
0,rd_out/ish/ws20-bs20_hq_A0.1207_C-0.100-A0.1376_C0.003,rd_out/ish/ws20-bs20_hq_A0.1207_C-0.100-A0.1376_C0.003_02000.png,0.4911111111111111,0.8355710011336641
1,rd_out/ish/ws20-bs20_hq_A0.1207_C-0.100-A0.1352_C0.021,rd_out/ish/ws20-bs20_hq_A0.1207_C-0.100-A0.1352_C0.021_02000.png,0.4992630385487528,0.8592849188328491
2,rd_out/ish/ws20-bs20_hq_A0.1207_C-0.100-A0.1303_C0.055,rd_out/ish/ws20-bs20_hq_A0.1207_C-0.100-A0.1303_C0.055_02000.png,0.5265079365079365,0.827424599280097
3,rd_out/ish/ws20-bs20_hq_A0.1207_C-0.100-A0.1279_C0.038,rd_out/ish/ws20-bs20_hq_A0.1207_C-0.100-A0.1279_C0.038_02000.png,0.49363945578231294,0.8712405056956207
4,rd_out/ish/ws20-bs20_hq_A0.1207_C-0.100-A0.1279_C0.055,rd_out/ish/ws20-bs20_hq_A0.1207_C-0.100-A0.1279_C0.055_02000.png,0.5046315192743764,0.8718224884587915
5,rd_out/ish/ws20-bs20_hq_A0.1207_C-0.100-A0.1231_C0.072,rd_out/ish/ws20-bs20_hq_A0.1207_C-0.100-A0.1231_C0.072_02000.png,0.509812925170068,0.8191613495887129
6,rd_out/ish/ws20-bs20_hq_A0.1207_C-0.100-A0.1183_C0.072,rd_out/ish/ws20-bs20_hq_A0.1207_C-0.100-A0.1183_C0.072_02000.png,0.48689909297052153,0.8665057216212204
7,rd_out/ish/ws20-bs20_hq_A0.1207_C-0.100-A0.1134_C0.090,rd_out/ish/ws20-bs20_hq_A0.1207_C-0.100-A0.1134_C0.090_02000.png,0.48079365079365083,0.8243793507467958
8,rd_out/ish/ws20-bs20_hq_A0.1207_C-0.100-A0.1134_C0.107,rd_out/ish/ws20-bs20_hq_A0.1207_C-0.100-A0.1134_C0.107_02000.png,0.5045351473922902,0.8157833570575108
9,rd_out/ish/ws20-bs20_hq_A0.1207_C-0.100-A0.1062_C0.141,rd_out/ish/ws20-bs20_hq_A0.1207_C-0.100-A0.1062_C0.141_02000.png,0.5045124716553288,0.8424570186780036
10,rd_out/ish/ws20-bs20_hq_A0.1207_C-0.100-A0.1038_C0.159,rd_out/ish/ws20-bs20_hq_A0.1207_C-0.100-A0.1038_C0.159_02000.png,0.511921768707483,0.86325016120587
11,rd_out/ish/ws20-bs20_hq_A0.1207_C-0.100-A0.0893_C0.228,rd_out/ish/ws20-bs20_hq_A0.1207_C-0.100-A0.0893_C0.228_02000.png,0.5296655328798185,0.8605073140909549
12,rd_out/ish/ws20-bs20_hq_A0.1207_C-0.100-A0.0869_C0.210,rd_out/ish/ws20-bs20_hq_A0.1207_C-0.100-A0.0869_C0.210_02000.png,0.5074716553287982,0.8401908979162294
13,rd_out/ish/ws20-bs20_hq_A0.1207_C-0.100-A0.0821_C0.245,rd_out/ish/ws20-bs20_hq_A0.1207_C-0.100-A0.0821_C0.245_02000.png,0.5107993197278912,0.8601520699265023
14,rd_out/ish/ws20-bs20_hq_A0.1207_C-0.100-A0.0797_C0.245,rd_out/ish/ws20-bs20_hq_A0.1207_C-0.100-A0.0797_C0.245_02000.png,0.5103458049886622,0.7733136199868142
15,rd_out/ish/ws20-bs20_hq_A0.1207_C-0.100-A0.0724_C0.279,rd_out/ish/ws20-bs20_hq_A0.1207_C-0.100-A0.0724_C0.279_02000.png,0.5213888888888889,0.8508693938350104
16,rd_out/ish/ws20-bs20_hq_A0.1207_C-0.100-A0.0724_C0.314,rd_out/ish/ws20-bs20_hq_A0.1207_C-0.100-A0.0724_C0.314_02000.png,0.5469784580498867,0.8456488239659592
17,rd_out/ish/ws20-bs20_hq_A0.1207_C-0.100-A0.0700_C0.297,rd_out/ish/ws20-bs20_hq_A0.1207_C-0.100-A0.0700_C0.297_02000.png,0.5271315192743764,0.8395291124433155
18,rd_out/ish/ws20-bs20_hq_A0.1207_C-0.100-A0.0700_C0.331,rd_out/ish/ws20-bs20_hq_A0.1207_C-0.100-A0.0700_C0.331_02000.png,0.5649489795918368,0.837008449799548
19,rd_out/ish/ws20-bs20_hq_A0.1207_C-0.100-A0.0700_C0.366,rd_out/ish/ws20-bs20_hq_A0.1207_C-0.100-A0.0700_C0.366_02000.png,0.6008730158730159,0.6581715000492523
20,rd_out/ish/ws20-bs20_hq_A0.1159_C-0.083-A0.1376_C0.003,rd_out/ish/ws20-bs20_hq_A0.1159_C-0.083-A0.1376_C0.003_02000.png,0.4966213151927438,0.8758911576783556
21,rd_out/ish/ws20-bs20_hq_A0.1159_C-0.083-A0.1352_C0.021,rd_out/ish/ws20-bs20_hq_A0.1159_C-0.083-A0.1352_C0.021_02000.png,0.5006122448979592,0.8845245876396747
22,rd_out/ish/ws20-bs20_hq_A0.1159_C-0.083-A0.1303_C0.055,rd_out/ish/ws20-bs20_hq_A0.1159_C-0.083-A0.1303_C0.055_02000.png,0.5286848072562359,0.87150038830187
23,rd_out/ish/ws20-bs20_hq_A0.1159_C-0.083-A0.1279_C0.038,rd_out/ish/ws20-bs20_hq_A0.1159_C-0.083-A0.1279_C0.038_02000.png,0.47887755102040813,0.8141647139987397
24,rd_out/ish/ws20-bs20_hq_A0.1159_C-0.083-A0.1279_C0.055,rd_out/ish/ws20-bs20_hq_A0.1159_C-0.083-A0.1279_C0.055_02000.png,0.5203061224489796,0.8177722195322726
25,rd_out/ish/ws20-bs20_hq_A0.1159_C-0.083-A0.1231_C0.072,rd_out/ish/ws20-bs20_hq_A0.1159_C-0.083-A0.1231_C0.072_02000.png,0.5070578231292517,0.8521818343563252
26,rd_out/ish/ws20-bs20_hq_A0.1159_C-0.083-A0.1183_C0.072,rd_out/ish/ws20-bs20_hq_A0.1159_C-0.083-A0.1183_C0.072_02000.png,0.47930272108843536,0.8125528347800104
27,rd_out/ish/ws20-bs20_hq_A0.1159_C-0.083-A0.1134_C0.090,rd_out/ish/ws20-bs20_hq_A0.1159_C-0.083-A0.1134_C0.090_02000.png,0.4721201814058957,0.7635008216959641
28,rd_out/ish/ws20-bs20_hq_A0.1159_C-0.083-A0.1134_C0.107,rd_out/ish/ws20-bs20_hq_A0.1159_C-0.083-A0.1134_C0.107_02000.png,0.48278344671201817,0.7851139101173428
29,rd_out/ish/ws20-bs20_hq_A0.1159_C-0.083-A0.1062_C0.141,rd_out/ish/ws20-bs20_hq_A0.1159_C-0.083-A0.1062_C0.141_02000.png,0.4968367346938775,0.8363137559439491
30,rd_out/ish/ws20-bs20_hq_A0.1159_C-0.083-A0.1038_C0.159,rd_out/ish/ws20-bs20_hq_A0.1159_C-0.083-A0.1038_C0.159_02000.png,0.5082426303854876,0.8697593505254645
31,rd_out/ish/ws20-bs20_hq_A0.1159_C-0.083-A0.0893_C0.228,rd_out/ish/ws20-bs20_hq_A0.1159_C-0.083-A0.0893_C0.228_02000.png,0.5227210884353741,0.8242891136716866
32,rd_out/ish/ws20-bs20_hq_A0.1159_C-0.083-A0.0869_C0.210,rd_out/ish/ws20-bs20_hq_A0.1159_C-0.083-A0.0869_C0.210_02000.png,0.4955952380952381,0.7561619900992615
33,rd_out/ish/ws20-bs20_hq_A0.1159_C-0.083-A0.0821_C0.245,rd_out/ish/ws20-bs20_hq_A0.1159_C-0.083-A0.0821_C0.245_02000.png,0.5188492063492064,0.8467649268465527
34,rd_out/ish/ws20-bs20_hq_A0.1159_C-0.083-A0.0797_C0.245,rd_out/ish/ws20-bs20_hq_A0.1159_C-0.083-A0.0797_C0.245_02000.png,0.5057766439909297,0.7909835636655407
35,rd_out/ish/ws20-bs20_hq_A0.1159_C-0.083-A0.0724_C0.279,rd_out/ish/ws20-bs20_hq_A0.1159_C-0.083-A0.0724_C0.279_02000.png,0.5197108843537415,0.8836491844023189
36,rd_out/ish/ws20-bs20_hq_A0.1159_C-0.083-A0.0724_C0.314,rd_out/ish/ws20-bs20_hq_A0.1159_C-0.083-A0.0724_C0.314_02000.png,0.5457086167800453,0.838838121907653
37,rd_out/ish/ws20-bs20_hq_A0.1159_C-0.083-A0.0700_C0.297,rd_out/ish/ws20-bs20_hq_A0.1159_C-0.083-A0.0700_C0.297_02000.png,0.5233503401360544,0.8668570678263281
38,rd_out/ish/ws20-bs20_hq_A0.1159_C-0.083-A0.0700_C0.331,rd_out/ish/ws20-bs20_hq_A0.1159_C-0.083-A0.0700_C0.331_02000.png,0.5579818594104309,0.8173375697923225
39,rd_out/ish/ws20-bs20_hq_A0.1159_C-0.083-A0.0700_C0.366,rd_out/ish/ws20-bs20_hq_A0.1159_C-0.083-A0.0700_C0.366_02000.png,0.5957482993197278,0.7347900221725734
40,rd_out/ish/ws20-bs20_hq_A0.1134_C-0.066-A0.1376_C0.003,rd_out/ish/ws20-bs20_hq_A0.1134_C-0.066-A0.1376_C0.003_02000.png,0.49358276643990934,0.8437850758398422
41,rd_out/ish/ws20-bs20_hq_A0.1134_C-0.066-A0.1352_C0.021,rd_out/ish/ws20-bs20_hq_A0.1134_C-0.066-A0.1352_C0.021_02000.png,0.518843537414966,0.8255226589495698
42,rd_out/ish/ws20-bs20_hq_A0.1134_C-0.066-A0.1303_C0.055,rd_out/ish/ws20-bs20_hq_A0.1134_C-0.066-A0.1303_C0.055_02000.png,0.5295521541950113,0.8113019811026496
43,rd_out/ish/ws20-bs20_hq_A0.1134_C-0.066-A0.1279_C0.038,rd_out/ish/ws20-bs20_hq_A0.1134_C-0.066-A0.1279_C0.038_02000.png,0.4873469387755102,0.8035481361722722
44,rd_out/ish/ws20-bs20_hq_A0.1134_C-0.066-A0.1279_C0.055,rd_out/ish/ws20-bs20_hq_A0.1134_C-0.066-A0.1279_C0.055_02000.png,0.5211791383219955,0.8848050632265276
45,rd_out/ish/ws20-bs20_hq_A0.1134_C-0.066-A0.1231_C0.072,rd_out/ish/ws20-bs20_hq_A0.1134_C-0.066-A0.1231_C0.072_02000.png,0.5110034013605442,0.842620095855436
46,rd_out/ish/ws20-bs20_hq_A0.1134_C-0.066-A0.1183_C0.072,rd_out/ish/ws20-bs20_hq_A0.1134_C-0.066-A0.1183_C0.072_02000.png,0.48723356009070296,0.8305511106195377
47,rd_out/ish/ws20-bs20_hq_A0.1134_C-0.066-A0.1134_C0.090,rd_out/ish/ws20-bs20_hq_A0.1134_C-0.066-A0.1134_C0.090_02000.png,0.48484693877551016,0.7905185442373618
48,rd_out/ish/ws20-bs20_hq_A0.1134_C-0.066-A0.1134_C0.107,rd_out/ish/ws20-bs20_hq_A0.1134_C-0.066-A0.1134_C0.107_02000.png,0.509297052154195,0.8748072095182067
49,rd_out/ish/ws20-bs20_hq_A0.1134_C-0.066-A0.1062_C0.141,rd_out/ish/ws20-bs20_hq_A0.1134_C-0.066-A0.1062_C0.141_02000.png,0.5121995464852607,0.8688719944405271
50,rd_out/ish/ws20-bs20_hq_A0.1134_C-0.066-A0.1038_C0.159,rd_out/ish/ws20-bs20_hq_A0.1134_C-0.066-A0.1038_C0.159_02000.png,0.5200510204081633,0.8285182302179696
51,rd_out/ish/ws20-bs20_hq_A0.1134_C-0.066-A0.0893_C0.228,rd_out/ish/ws20-bs20_hq_A0.1134_C-0.066-A0.0893_C0.228_02000.png,0.5312868480725624,0.8509815201478161
52,rd_out/ish/ws20-bs20_hq_A0.1134_C-0.066-A0.0869_C0.210,rd_out/ish/ws20-bs20_hq_A0.1134_C-0.066-A0.0869_C0.210_02000.png,0.5160714285714285,0.8652987578979288
53,rd_out/ish/ws20-bs20_hq_A0.1134_C-0.066-A0.0821_C0.245,rd_out/ish/ws20-bs20_hq_A0.1134_C-0.066-A0.0821_C0.245_02000.png,0.5337131519274376,0.8265331517676342
54,rd_out/ish/ws20-bs20_hq_A0.1134_C-0.066-A0.0797_C0.245,rd_out/ish/ws20-bs20_hq_A0.1134_C-0.066-A0.0797_C0.245_02000.png,0.5145124716553289,0.8390082596330184
55,rd_out/ish/ws20-bs20_hq_A0.1134_C-0.066-A0.0724_C0.279,rd_out/ish/ws20-bs20_hq_A0.1134_C-0.066-A0.0724_C0.279_02000.png,0.5194217687074829,0.7834095202659526
56,rd_out/ish/ws20-bs20_hq_A0.1134_C-0.066-A0.0724_C0.314,rd_out/ish/ws20-bs20_hq_A0.1134_C-0.066-A0.0724_C0.314_02000.png,0.5620408163265307,0.7528525163373491
57,rd_out/ish/ws20-bs20_hq_A0.1134_C-0.066-A0.0700_C0.297,rd_out/ish/ws20-bs20_hq_A0.1134_C-0.066-A0.0700_C0.297_02000.png,0.5321768707482992,0.8264545035035153
58,rd_out/ish/ws20-bs20_hq_A0.1134_C-0.066-A0.0700_C0.331,rd_out/ish/ws20-bs20_hq_A0.1134_C-0.066-A0.0700_C0.331_02000.png,0.5660997732426304,0.7830584352879342
59,rd_out/ish/ws20-bs20_hq_A0.1134_C-0.066-A0.0700_C0.366,rd_out/ish/ws20-bs20_hq_A0.1134_C-0.066-A0.0700_C0.366_02000.png,0.607517006802721,0.6731419757065376
60,rd_out/ish/ws20-bs20_hq_A0.1110_C-0.100-A0.1376_C0.003,rd_out/ish/ws20-bs20_hq_A0.1110_C-0.100-A0.1376_C0.003_02000.png,0.44475623582766444,0.7571969392926421
61,rd_out/ish/ws20-bs20_hq_A0.1110_C-0.100-A0.1352_C0.021,rd_out/ish/ws20-bs20_hq_A0.1110_C-0.100-A0.1352_C0.021_02000.png,0.460187074829932,0.8118110227016266
62,rd_out/ish/ws20-bs20_hq_A0.1110_C-0.100-A0.1303_C0.055,rd_out/ish/ws20-bs20_hq_A0.1110_C-0.100-A0.1303_C0.055_02000.png,0.47322562358276643,0.7909075476782041
63,rd_out/ish/ws20-bs20_hq_A0.1110_C-0.100-A0.1279_C0.038,rd_out/ish/ws20-bs20_hq_A0.1110_C-0.100-A0.1279_C0.038_02000.png,0.4354251700680272,0.6999239804971179
64,rd_out/ish/ws20-bs20_hq_A0.1110_C-0.100-A0.1279_C0.055,rd_out/ish/ws20-bs20_hq_A0.1110_C-0.100-A0.1279_C0.055_02000.png,0.4601133786848073,0.7084960981562723
65,rd_out/ish/ws20-bs20_hq_A0.1110_C-0.100-A0.1231_C0.072,rd_out/ish/ws20-bs20_hq_A0.1110_C-0.100-A0.1231_C0.072_02000.png,0.44855442176870747,0.7085651964696831
66,rd_out/ish/ws20-bs20_hq_A0.1110_C-0.100-A0.1183_C0.072,rd_out/ish/ws20-bs20_hq_A0.1110_C-0.100-A0.1183_C0.072_02000.png,0.4286621315192744,0.714020947354536
67,rd_out/ish/ws20-bs20_hq_A0.1110_C-0.100-A0.1134_C0.090,rd_out/ish/ws20-bs20_hq_A0.1110_C-0.100-A0.1134_C0.090_02000.png,0.4292687074829932,0.6675392693917155
68,rd_out/ish/ws20-bs20_hq_A0.1110_C-0.100-A0.1134_C0.107,rd_out/ish/ws20-bs20_hq_A0.1110_C-0.100-A0.1134_C0.107_02000.png,0.452562358276644,0.7859663432003506
69,rd_out/ish/ws20-bs20_hq_A0.1110_C-0.100-A0.1062_C0.141,rd_out/ish/ws20-bs20_hq_A0.1110_C-0.100-A0.1062_C0.141_02000.png,0.47643990929705216,0.7922137068906402
70,rd_out/ish/ws20-bs20_hq_A0.1110_C-0.100-A0.1038_C0.159,rd_out/ish/ws20-bs20_hq_A0.1110_C-0.100-A0.1038_C0.159_02000.png,0.4735544217687075,0.7589583792502466
71,rd_out/ish/ws20-bs20_hq_A0.1110_C-0.100-A0.0893_C0.228,rd_out/ish/ws20-bs20_hq_A0.1110_C-0.100-A0.0893_C0.228_02000.png,0.4824603174603175,0.7309497958985123
72,rd_out/ish/ws20-bs20_hq_A0.1110_C-0.100-A0.0869_C0.210,rd_out/ish/ws20-bs20_hq_A0.1110_C-0.100-A0.0869_C0.210_02000.png,0.46341836734693875,0.7791159668021357
73,rd_out/ish/ws20-bs20_hq_A0.1110_C-0.100-A0.0821_C0.245,rd_out/ish/ws20-bs20_hq_A0.1110_C-0.100-A0.0821_C0.245_02000.png,0.4856462585034014,0.747366215041882
74,rd_out/ish/ws20-bs20_hq_A0.1110_C-0.100-A0.0797_C0.245,rd_out/ish/ws20-bs20_hq_A0.1110_C-0.100-A0.0797_C0.245_02000.png,0.47222222222222227,0.7847634948539729
75,rd_out/ish/ws20-bs20_hq_A0.1110_C-0.100-A0.0724_C0.279,rd_out/ish/ws20-bs20_hq_A0.1110_C-0.100-A0.0724_C0.279_02000.png,0.47356575963718817,0.7046936711888909
76,rd_out/ish/ws20-bs20_hq_A0.1110_C-0.100-A0.0724_C0.314,rd_out/ish/ws20-bs20_hq_A0.1110_C-0.100-A0.0724_C0.314_02000.png,0.5220521541950114,0.8843110127956866
77,rd_out/ish/ws20-bs20_hq_A0.1110_C-0.100-A0.0700_C0.297,rd_out/ish/ws20-bs20_hq_A0.1110_C-0.100-A0.0700_C0.297_02000.png,0.4890079365079365,0.7240695159627126
78,rd_out/ish/ws20-bs20_hq_A0.1110_C-0.100-A0.0700_C0.331,rd_out/ish/ws20-bs20_hq_A0.1110_C-0.100-A0.0700_C0.331_02000.png,0.5192120181405896,0.8501165437604558
79,rd_out/ish/ws20-bs20_hq_A0.1110_C-0.100-A0.0700_C0.366,rd_out/ish/ws20-bs20_hq_A0.1110_C-0.100-A0.0700_C0.366_02000.png,0.5605668934240363,0.7579251264514256
80,rd_out/ish/ws20-bs20_hq_A0.0990_C-0.066-A0.1376_C0.003,rd_out/ish/ws20-bs20_hq_A0.0990_C-0.066-A0.1376_C0.003_02000.png,0.43098072562358275,0.6741895879887795
81,rd_out/ish/ws20-bs20_hq_A0.0990_C-0.066-A0.1352_C0.021,rd_out/ish/ws20-bs20_hq_A0.0990_C-0.066-A0.1352_C0.021_02000.png,0.44459750566893425,0.752352123466471
82,rd_out/ish/ws20-bs20_hq_A0.0990_C-0.066-A0.1303_C0.055,rd_out/ish/ws20-bs20_hq_A0.0990_C-0.066-A0.1303_C0.055_02000.png,0.45740362811791385,0.775116400767879
83,rd_out/ish/ws20-bs20_hq_A0.0990_C-0.066-A0.1279_C0.038,rd_out/ish/ws20-bs20_hq_A0.0990_C-0.066-A0.1279_C0.038_02000.png,0.43740362811791383,0.7016446013566712
84,rd_out/ish/ws20-bs20_hq_A0.0990_C-0.066-A0.1279_C0.055,rd_out/ish/ws20-bs20_hq_A0.0990_C-0.066-A0.1279_C0.055_02000.png,0.45405895691609977,0.711329658252398
85,rd_out/ish/ws20-bs20_hq_A0.0990_C-0.066-A0.1231_C0.072,rd_out/ish/ws20-bs20_hq_A0.0990_C-0.066-A0.1231_C0.072_02000.png,0.4469387755102041,0.6915909046048779
86,rd_out/ish/ws20-bs20_hq_A0.0990_C-0.066-A0.1183_C0.072,rd_out/ish/ws20-bs20_hq_A0.0990_C-0.066-A0.1183_C0.072_02000.png,0.43535714285714283,0.6990994335995744
87,rd_out/ish/ws20-bs20_hq_A0.0990_C-0.066-A0.1134_C0.090,rd_out/ish/ws20-bs20_hq_A0.0990_C-0.066-A0.1134_C0.090_02000.png,0.43240362811791383,0.6822177896486122
88,rd_out/ish/ws20-bs20_hq_A0.0990_C-0.066-A0.1134_C0.107,rd_out/ish/ws20-bs20_hq_A0.0990_C-0.066-A0.1134_C0.107_02000.png,0.44151927437641725,0.6779938268761553
89,rd_out/ish/ws20-bs20_hq_A0.0990_C-0.066-A0.1062_C0.141,rd_out/ish/ws20-bs20_hq_A0.0990_C-0.066-A0.1062_C0.141_02000.png,0.45114512471655327,0.7372100976530135
90,rd_out/ish/ws20-bs20_hq_A0.0990_C-0.066-A0.1038_C0.159,rd_out/ish/ws20-bs20_hq_A0.0990_C-0.066-A0.1038_C0.159_02000.png,0.463265306122449,0.6645685283408529
91,rd_out/ish/ws20-bs20_hq_A0.0990_C-0.066-A0.0893_C0.228,rd_out/ish/ws20-bs20_hq_A0.0990_C-0.066-A0.0893_C0.228_02000.png,0.4786621315192744,0.7700976895411522
92,rd_out/ish/ws20-bs20_hq_A0.0990_C-0.066-A0.0869_C0.210,rd_out/ish/ws20-bs20_hq_A0.0990_C-0.066-A0.0869_C0.210_02000.png,0.45493764172335605,0.8012318453231182
93,rd_out/ish/ws20-bs20_hq_A0.0990_C-0.066-A0.0821_C0.245,rd_out/ish/ws20-bs20_hq_A0.0990_C-0.066-A0.0821_C0.245_02000.png,0.4674206349206349,0.6709199765886462
94,rd_out/ish/ws20-bs20_hq_A0.0990_C-0.066-A0.0797_C0.245,rd_out/ish/ws20-bs20_hq_A0.0990_C-0.066-A0.0797_C0.245_02000.png,0.4554705215419501,0.6274651188865439
95,rd_out/ish/ws20-bs20_hq_A0.0990_C-0.066-A0.0724_C0.279,rd_out/ish/ws20-bs20_hq_A0.0990_C-0.066-A0.0724_C0.279_02000.png,0.4774206349206349,0.806888601698487
96,rd_out/ish/ws20-bs20_hq_A0.0990_C-0.066-A0.0724_C0.314,rd_out/ish/ws20-bs20_hq_A0.0990_C-0.066-A0.0724_C0.314_02000.png,0.5061961451247166,0.8426645852667963
97,rd_out/ish/ws20-bs20_hq_A0.0990_C-0.066-A0.0700_C0.297,rd_out/ish/ws20-bs20_hq_A0.0990_C-0.066-A0.0700_C0.297_02000.png,0.4740419501133787,0.7160821634714101
98,rd_out/ish/ws20-bs20_hq_A0.0990_C-0.066-A0.0700_C0.331,rd_out/ish/ws20-bs20_hq_A0.0990_C-0.066-A0.0700_C0.331_02000.png,0.5089285714285715,0.8326966887027746
99,rd_out/ish/ws20-bs20_hq_A0.0990_C-0.066-A0.0700_C0.366,rd_out/ish/ws20-bs20_hq_A0.0990_C-0.066-A0.0700_C0.366_02000.png,0.5504251700680272,0.7499152018749096
100,rd_out/ish/ws20-bs20_hq_A0.0990_C-0.031-A0.1376_C0.003,rd_out/ish/ws20-bs20_hq_A0.0990_C-0.031-A0.1376_C0.003_02000.png,0.47133219954648525,0.7679650924716687
101,rd_out/ish/ws20-bs20_hq_A0.0990_C-0.031-A0.1352_C0.021,rd_out/ish/ws20-bs20_hq_A0.0990_C-0.031-A0.1352_C0.021_02000.png,0.4771145124716553,0.8351997865388365
102,rd_out/ish/ws20-bs20_hq_A0.0990_C-0.031-A0.1303_C0.055,rd_out/ish/ws20-bs20_hq_A0.0990_C-0.031-A0.1303_C0.055_02000.png,0.49259070294784585,0.8366936810956491
103,rd_out/ish/ws20-bs20_hq_A0.0990_C-0.031-A0.1279_C0.038,rd_out/ish/ws20-bs20_hq_A0.0990_C-0.031-A0.1279_C0.038_02000.png,0.46334467120181405,0.7794700012857121
104,rd_out/ish/ws20-bs20_hq_A0.0990_C-0.031-A0.1279_C0.055,rd_out/ish/ws20-bs20_hq_A0.0990_C-0.031-A0.1279_C0.055_02000.png,0.4925850340136054,0.7857695147173961
105,rd_out/ish/ws20-bs20_hq_A0.0990_C-0.031-A0.1231_C0.072,rd_out/ish/ws20-bs20_hq_A0.0990_C-0.031-A0.1231_C0.072_02000.png,0.48905895691609974,0.8181171218672777
106,rd_out/ish/ws20-bs20_hq_A0.0990_C-0.031-A0.1183_C0.072,rd_out/ish/ws20-bs20_hq_A0.0990_C-0.031-A0.1183_C0.072_02000.png,0.4717403628117914,0.7688166041129454
107,rd_out/ish/ws20-bs20_hq_A0.0990_C-0.031-A0.1134_C0.090,rd_out/ish/ws20-bs20_hq_A0.0990_C-0.031-A0.1134_C0.090_02000.png,0.46997165532879814,0.7753931686359721
108,rd_out/ish/ws20-bs20_hq_A0.0990_C-0.031-A0.1134_C0.107,rd_out/ish/ws20-bs20_hq_A0.0990_C-0.031-A0.1134_C0.107_02000.png,0.48495464852607706,0.7249803646025907
109,rd_out/ish/ws20-bs20_hq_A0.0990_C-0.031-A0.1062_C0.141,rd_out/ish/ws20-bs20_hq_A0.0990_C-0.031-A0.1062_C0.141_02000.png,0.49308390022675735,0.8043061723121706
110,rd_out/ish/ws20-bs20_hq_A0.0990_C-0.031-A0.1038_C0.159,rd_out/ish/ws20-bs20_hq_A0.0990_C-0.031-A0.1038_C0.159_02000.png,0.5010204081632653,0.8242022718506306
111,rd_out/ish/ws20-bs20_hq_A0.0990_C-0.031-A0.0893_C0.228,rd_out/ish/ws20-bs20_hq_A0.0990_C-0.031-A0.0893_C0.228_02000.png,0.5197165532879819,0.8566841978341967
112,rd_out/ish/ws20-bs20_hq_A0.0990_C-0.031-A0.0869_C0.210,rd_out/ish/ws20-bs20_hq_A0.0990_C-0.031-A0.0869_C0.210_02000.png,0.49232426303854876,0.7777275822497908
113,rd_out/ish/ws20-bs20_hq_A0.0990_C-0.031-A0.0821_C0.245,rd_out/ish/ws20-bs20_hq_A0.0990_C-0.031-A0.0821_C0.245_02000.png,0.5088492063492063,0.8353785599135619
114,rd_out/ish/ws20-bs20_hq_A0.0990_C-0.031-A0.0797_C0.245,rd_out/ish/ws20-bs20_hq_A0.0990_C-0.031-A0.0797_C0.245_02000.png,0.4953628117913832,0.7667256763855368
115,rd_out/ish/ws20-bs20_hq_A0.0990_C-0.031-A0.0724_C0.279,rd_out/ish/ws20-bs20_hq_A0.0990_C-0.031-A0.0724_C0.279_02000.png,0.5041156462585034,0.8022431636634844
116,rd_out/ish/ws20-bs20_hq_A0.0990_C-0.031-A0.0724_C0.314,rd_out/ish/ws20-bs20_hq_A0.0990_C-0.031-A0.0724_C0.314_02000.png,0.5395181405895692,0.8366816983583046
117,rd_out/ish/ws20-bs20_hq_A0.0990_C-0.031-A0.0700_C0.297,rd_out/ish/ws20-bs20_hq_A0.0990_C-0.031-A0.0700_C0.297_02000.png,0.5134410430839003,0.8214254089763449
118,rd_out/ish/ws20-bs20_hq_A0.0990_C-0.031-A0.0700_C0.331,rd_out/ish/ws20-bs20_hq_A0.0990_C-0.031-A0.0700_C0.331_02000.png,0.5421938775510204,0.8349255867530877
119,rd_out/ish/ws20-bs20_hq_A0.0990_C-0.031-A0.0700_C0.366,rd_out/ish/ws20-bs20_hq_A0.0990_C-0.031-A0.0700_C0.366_02000.png,0.5796428571428571,0.7806339431599928
120,rd_out/ish/ws20-bs20_hq_A0.0990_C-0.048-A0.1376_C0.003,rd_out/ish/ws20-bs20_hq_A0.0990_C-0.048-A0.1376_C0.003_02000.png,0.45666666666666667,0.7494485898458054
121,rd_out/ish/ws20-bs20_hq_A0.0990_C-0.048-A0.1352_C0.021,rd_out/ish/ws20-bs20_hq_A0.0990_C-0.048-A0.1352_C0.021_02000.png,0.4678174603174603,0.7579286304625865
122,rd_out/ish/ws20-bs20_hq_A0.0990_C-0.048-A0.1303_C0.055,rd_out/ish/ws20-bs20_hq_A0.0990_C-0.048-A0.1303_C0.055_02000.png,0.4782993197278912,0.8204489827800896
123,rd_out/ish/ws20-bs20_hq_A0.0990_C-0.048-A0.1279_C0.038,rd_out/ish/ws20-bs20_hq_A0.0990_C-0.048-A0.1279_C0.038_02000.png,0.4494444444444444,0.7330251563008323
124,rd_out/ish/ws20-bs20_hq_A0.0990_C-0.048-A0.1279_C0.055,rd_out/ish/ws20-bs20_hq_A0.0990_C-0.048-A0.1279_C0.055_02000.png,0.47354875283446707,0.8023533174536885
125,rd_out/ish/ws20-bs20_hq_A0.0990_C-0.048-A0.1231_C0.072,rd_out/ish/ws20-bs20_hq_A0.0990_C-0.048-A0.1231_C0.072_02000.png,0.46696145124716554,0.7633324054841871
126,rd_out/ish/ws20-bs20_hq_A0.0990_C-0.048-A0.1183_C0.072,rd_out/ish/ws20-bs20_hq_A0.0990_C-0.048-A0.1183_C0.072_02000.png,0.44409297052154195,0.6987180234270615
127,rd_out/ish/ws20-bs20_hq_A0.0990_C-0.048-A0.1134_C0.090,rd_out/ish/ws20-bs20_hq_A0.0990_C-0.048-A0.1134_C0.090_02000.png,0.4440816326530612,0.7119690872905253
128,rd_out/ish/ws20-bs20_hq_A0.0990_C-0.048-A0.1134_C0.107,rd_out/ish/ws20-bs20_hq_A0.0990_C-0.048-A0.1134_C0.107_02000.png,0.4647789115646258,0.7279193185399605
129,rd_out/ish/ws20-bs20_hq_A0.0990_C-0.048-A0.1062_C0.141,rd_out/ish/ws20-bs20_hq_A0.0990_C-0.048-A0.1062_C0.141_02000.png,0.47227891156462587,0.6945747548199402
130,rd_out/ish/ws20-bs20_hq_A0.0990_C-0.048-A0.1038_C0.159,rd_out/ish/ws20-bs20_hq_A0.0990_C-0.048-A0.1038_C0.159_02000.png,0.48228458049886624,0.7123925574140079
131,rd_out/ish/ws20-bs20_hq_A0.0990_C-0.048-A0.0893_C0.228,rd_out/ish/ws20-bs20_hq_A0.0990_C-0.048-A0.0893_C0.228_02000.png,0.49697278911564624,0.7991155294190508
132,rd_out/ish/ws20-bs20_hq_A0.0990_C-0.048-A0.0869_C0.210,rd_out/ish/ws20-bs20_hq_A0.0990_C-0.048-A0.0869_C0.210_02000.png,0.4669160997732426,0.7100549944630488
133,rd_out/ish/ws20-bs20_hq_A0.0990_C-0.048-A0.0821_C0.245,rd_out/ish/ws20-bs20_hq_A0.0990_C-0.048-A0.0821_C0.245_02000.png,0.47595238095238096,0.7048098959554274
134,rd_out/ish/ws20-bs20_hq_A0.0990_C-0.048-A0.0797_C0.245,rd_out/ish/ws20-bs20_hq_A0.0990_C-0.048-A0.0797_C0.245_02000.png,0.48208616780045355,0.7243161115601402
135,rd_out/ish/ws20-bs20_hq_A0.0990_C-0.048-A0.0724_C0.279,rd_out/ish/ws20-bs20_hq_A0.0990_C-0.048-A0.0724_C0.279_02000.png,0.48304421768707484,0.7655332834167151
136,rd_out/ish/ws20-bs20_hq_A0.0990_C-0.048-A0.0724_C0.314,rd_out/ish/ws20-bs20_hq_A0.0990_C-0.048-A0.0724_C0.314_02000.png,0.5174092970521542,0.7994354836608939
137,rd_out/ish/ws20-bs20_hq_A0.0990_C-0.048-A0.0700_C0.297,rd_out/ish/ws20-bs20_hq_A0.0990_C-0.048-A0.0700_C0.297_02000.png,0.48986961451247163,0.7429232527895377
138,rd_out/ish/ws20-bs20_hq_A0.0990_C-0.048-A0.0700_C0.331,rd_out/ish/ws20-bs20_hq_A0.0990_C-0.048-A0.0700_C0.331_02000.png,0.528968253968254,0.8557656989927076
139,rd_out/ish/ws20-bs20_hq_A0.0990_C-0.048-A0.0700_C0.366,rd_out/ish/ws20-bs20_hq_A0.0990_C-0.048-A0.0700_C0.366_02000.png,0.5664795918367347,0.7596351855287901
140,rd_out/ish/ws20-bs20_hq_A0.0941_C-0.031-A0.1376_C0.003,rd_out/ish/ws20-bs20_hq_A0.0941_C-0.031-A0.1376_C0.003_02000.png,0.45608843537414967,0.7717064429920366
141,rd_out/ish/ws20-bs20_hq_A0.0941_C-0.031-A0.1352_C0.021,rd_out/ish/ws20-bs20_hq_A0.0941_C-0.031-A0.1352_C0.021_02000.png,0.46447278911564627,0.7705606611432829
142,rd_out/ish/ws20-bs20_hq_A0.0941_C-0.031-A0.1303_C0.055,rd_out/ish/ws20-bs20_hq_A0.0941_C-0.031-A0.1303_C0.055_02000.png,0.47295351473922903,0.7717805672076142
143,rd_out/ish/ws20-bs20_hq_A0.0941_C-0.031-A0.1279_C0.038,rd_out/ish/ws20-bs20_hq_A0.0941_C-0.031-A0.1279_C0.038_02000.png,0.44878684807256236,0.7767578117803701
144,rd_out/ish/ws20-bs20_hq_A0.0941_C-0.031-A0.1279_C0.055,rd_out/ish/ws20-bs20_hq_A0.0941_C-0.031-A0.1279_C0.055_02000.png,0.465,0.7193286719389911
145,rd_out/ish/ws20-bs20_hq_A0.0941_C-0.031-A0.1231_C0.072,rd_out/ish/ws20-bs20_hq_A0.0941_C-0.031-A0.1231_C0.072_02000.png,0.4648185941043084,0.7601936579739936
146,rd_out/ish/ws20-bs20_hq_A0.0941_C-0.031-A0.1183_C0.072,rd_out/ish/ws20-bs20_hq_A0.0941_C-0.031-A0.1183_C0.072_02000.png,0.4455498866213152,0.7218858809979312
147,rd_out/ish/ws20-bs20_hq_A0.0941_C-0.031-A0.1134_C0.090,rd_out/ish/ws20-bs20_hq_A0.0941_C-0.031-A0.1134_C0.090_02000.png,0.4497562358276644,0.6813224401278637
148,rd_out/ish/ws20-bs20_hq_A0.0941_C-0.031-A0.1134_C0.107,rd_out/ish/ws20-bs20_hq_A0.0941_C-0.031-A0.1134_C0.107_02000.png,0.4631349206349206,0.7165208534840506
149,rd_out/ish/ws20-bs20_hq_A0.0941_C-0.031-A0.1062_C0.141,rd_out/ish/ws20-bs20_hq_A0.0941_C-0.031-A0.1062_C0.141_02000.png,0.47408163265306125,0.7316186680379725
150,rd_out/ish/ws20-bs20_hq_A0.0941_C-0.031-A0.1038_C0.159,rd_out/ish/ws20-bs20_hq_A0.0941_C-0.031-A0.1038_C0.159_02000.png,0.48260204081632657,0.74779540613094
151,rd_out/ish/ws20-bs20_hq_A0.0941_C-0.031-A0.0893_C0.228,rd_out/ish/ws20-bs20_hq_A0.0941_C-0.031-A0.0893_C0.228_02000.png,0.4994671201814059,0.8437034388845923
152,rd_out/ish/ws20-bs20_hq_A0.0941_C-0.031-A0.0869_C0.210,rd_out/ish/ws20-bs20_hq_A0.0941_C-0.031-A0.0869_C0.210_02000.png,0.46991496598639454,0.6944944371305166
153,rd_out/ish/ws20-bs20_hq_A0.0941_C-0.031-A0.0821_C0.245,rd_out/ish/ws20-bs20_hq_A0.0941_C-0.031-A0.0821_C0.245_02000.png,0.4828798185941043,0.7325794857386383
154,rd_out/ish/ws20-bs20_hq_A0.0941_C-0.031-A0.0797_C0.245,rd_out/ish/ws20-bs20_hq_A0.0941_C-0.031-A0.0797_C0.245_02000.png,0.48053854875283447,0.7790367597406027
155,rd_out/ish/ws20-bs20_hq_A0.0941_C-0.031-A0.0724_C0.279,rd_out/ish/ws20-bs20_hq_A0.0941_C-0.031-A0.0724_C0.279_02000.png,0.4815589569160998,0.7814513706794874
156,rd_out/ish/ws20-bs20_hq_A0.0941_C-0.031-A0.0724_C0.314,rd_out/ish/ws20-bs20_hq_A0.0941_C-0.031-A0.0724_C0.314_02000.png,0.5157539682539682,0.8024582982064588
157,rd_out/ish/ws20-bs20_hq_A0.0941_C-0.031-A0.0700_C0.297,rd_out/ish/ws20-bs20_hq_A0.0941_C-0.031-A0.0700_C0.297_02000.png,0.4946655328798186,0.7811511534870224
158,rd_out/ish/ws20-bs20_hq_A0.0941_C-0.031-A0.0700_C0.331,rd_out/ish/ws20-bs20_hq_A0.0941_C-0.031-A0.0700_C0.331_02000.png,0.5246485260770976,0.8168055077196557
159,rd_out/ish/ws20-bs20_hq_A0.0941_C-0.031-A0.0700_C0.366,rd_out/ish/ws20-bs20_hq_A0.0941_C-0.031-A0.0700_C0.366_02000.png,0.5635600907029478,0.834020112404251
160,rd_out/ish/ws20-bs20_hq_A0.0917_C-0.031-A0.1376_C0.003,rd_out/ish/ws20-bs20_hq_A0.0917_C-0.031-A0.1376_C0.003_02000.png,0.44222222222222224,0.7177315807402208
161,rd_out/ish/ws20-bs20_hq_A0.0917_C-0.031-A0.1352_C0.021,rd_out/ish/ws20-bs20_hq_A0.0917_C-0.031-A0.1352_C0.021_02000.png,0.448078231292517,0.7924322090138873
162,rd_out/ish/ws20-bs20_hq_A0.0917_C-0.031-A0.1303_C0.055,rd_out/ish/ws20-bs20_hq_A0.0917_C-0.031-A0.1303_C0.055_02000.png,0.46406462585034014,0.7603288905051498
163,rd_out/ish/ws20-bs20_hq_A0.0917_C-0.031-A0.1279_C0.038,rd_out/ish/ws20-bs20_hq_A0.0917_C-0.031-A0.1279_C0.038_02000.png,0.43641156462585035,0.6608258384478274
164,rd_out/ish/ws20-bs20_hq_A0.0917_C-0.031-A0.1279_C0.055,rd_out/ish/ws20-bs20_hq_A0.0917_C-0.031-A0.1279_C0.055_02000.png,0.45532312925170065,0.7734595087265259
165,rd_out/ish/ws20-bs20_hq_A0.0917_C-0.031-A0.1231_C0.072,rd_out/ish/ws20-bs20_hq_A0.0917_C-0.031-A0.1231_C0.072_02000.png,0.4603401360544218,0.7581253284548052
166,rd_out/ish/ws20-bs20_hq_A0.0917_C-0.031-A0.1183_C0.072,rd_out/ish/ws20-bs20_hq_A0.0917_C-0.031-A0.1183_C0.072_02000.png,0.42619614512471654,0.5617529481245901
167,rd_out/ish/ws20-bs20_hq_A0.0917_C-0.031-A0.1134_C0.090,rd_out/ish/ws20-bs20_hq_A0.0917_C-0.031-A0.1134_C0.090_02000.png,0.4387131519274376,0.6269728701399698
168,rd_out/ish/ws20-bs20_hq_A0.0917_C-0.031-A0.1134_C0.107,rd_out/ish/ws20-bs20_hq_A0.0917_C-0.031-A0.1134_C0.107_02000.png,0.45028344671201814,0.6742802499528651
169,rd_out/ish/ws20-bs20_hq_A0.0917_C-0.031-A0.1062_C0.141,rd_out/ish/ws20-bs20_hq_A0.0917_C-0.031-A0.1062_C0.141_02000.png,0.4655328798185941,0.6942306222230171
170,rd_out/ish/ws20-bs20_hq_A0.0917_C-0.031-A0.1038_C0.159,rd_out/ish/ws20-bs20_hq_A0.0917_C-0.031-A0.1038_C0.159_02000.png,0.4704931972789116,0.7219591431578394
171,rd_out/ish/ws20-bs20_hq_A0.0917_C-0.031-A0.0893_C0.228,rd_out/ish/ws20-bs20_hq_A0.0917_C-0.031-A0.0893_C0.228_02000.png,0.48898526077097504,0.749852487799584
172,rd_out/ish/ws20-bs20_hq_A0.0917_C-0.031-A0.0869_C0.210,rd_out/ish/ws20-bs20_hq_A0.0917_C-0.031-A0.0869_C0.210_02000.png,0.4662471655328798,0.8130302401479378
173,rd_out/ish/ws20-bs20_hq_A0.0917_C-0.031-A0.0821_C0.245,rd_out/ish/ws20-bs20_hq_A0.0917_C-0.031-A0.0821_C0.245_02000.png,0.4762244897959184,0.703352450330643
174,rd_out/ish/ws20-bs20_hq_A0.0917_C-0.031-A0.0797_C0.245,rd_out/ish/ws20-bs20_hq_A0.0917_C-0.031-A0.0797_C0.245_02000.png,0.46383219954648525,0.7152621803017607
175,rd_out/ish/ws20-bs20_hq_A0.0917_C-0.031-A0.0724_C0.279,rd_out/ish/ws20-bs20_hq_A0.0917_C-0.031-A0.0724_C0.279_02000.png,0.4767573696145125,0.702816435547437
176,rd_out/ish/ws20-bs20_hq_A0.0917_C-0.031-A0.0724_C0.314,rd_out/ish/ws20-bs20_hq_A0.0917_C-0.031-A0.0724_C0.314_02000.png,0.5135544217687075,0.7824666654449242
177,rd_out/ish/ws20-bs20_hq_A0.0917_C-0.031-A0.0700_C0.297,rd_out/ish/ws20-bs20_hq_A0.0917_C-0.031-A0.0700_C0.297_02000.png,0.47798185941043086,0.7126976194299625
178,rd_out/ish/ws20-bs20_hq_A0.0917_C-0.031-A0.0700_C0.331,rd_out/ish/ws20-bs20_hq_A0.0917_C-0.031-A0.0700_C0.331_02000.png,0.5242800453514739,0.8530309155543089
179,rd_out/ish/ws20-bs20_hq_A0.0917_C-0.031-A0.0700_C0.366,rd_out/ish/ws20-bs20_hq_A0.0917_C-0.031-A0.0700_C0.366_02000.png,0.5576587301587301,0.8018821361722686
180,rd_out/ish/ws20-bs20_hq_A0.0917_C-0.014-A0.1376_C0.003,rd_out/ish/ws20-bs20_hq_A0.0917_C-0.014-A0.1376_C0.003_02000.png,0.45505102040816325,0.6854930009580034
181,rd_out/ish/ws20-bs20_hq_A0.0917_C-0.014-A0.1352_C0.021,rd_out/ish/ws20-bs20_hq_A0.0917_C-0.014-A0.1352_C0.021_02000.png,0.4707482993197279,0.8025441281772936
182,rd_out/ish/ws20-bs20_hq_A0.0917_C-0.014-A0.1303_C0.055,rd_out/ish/ws20-bs20_hq_A0.0917_C-0.014-A0.1303_C0.055_02000.png,0.4888321995464852,0.7819235515581664
183,rd_out/ish/ws20-bs20_hq_A0.0917_C-0.014-A0.1279_C0.038,rd_out/ish/ws20-bs20_hq_A0.0917_C-0.014-A0.1279_C0.038_02000.png,0.4427437641723356,0.642286323799463
184,rd_out/ish/ws20-bs20_hq_A0.0917_C-0.014-A0.1279_C0.055,rd_out/ish/ws20-bs20_hq_A0.0917_C-0.014-A0.1279_C0.055_02000.png,0.47424036281179144,0.7389270920829001
185,rd_out/ish/ws20-bs20_hq_A0.0917_C-0.014-A0.1231_C0.072,rd_out/ish/ws20-bs20_hq_A0.0917_C-0.014-A0.1231_C0.072_02000.png,0.4748072562358277,0.722918506646815
186,rd_out/ish/ws20-bs20_hq_A0.0917_C-0.014-A0.1183_C0.072,rd_out/ish/ws20-bs20_hq_A0.0917_C-0.014-A0.1183_C0.072_02000.png,0.45289682539682535,0.6641198336339795
187,rd_out/ish/ws20-bs20_hq_A0.0917_C-0.014-A0.1134_C0.090,rd_out/ish/ws20-bs20_hq_A0.0917_C-0.014-A0.1134_C0.090_02000.png,0.45503401360544216,0.7595403858069909
188,rd_out/ish/ws20-bs20_hq_A0.0917_C-0.014-A0.1134_C0.107,rd_out/ish/ws20-bs20_hq_A0.0917_C-0.014-A0.1134_C0.107_02000.png,0.46895691609977325,0.6773353900918927
189,rd_out/ish/ws20-bs20_hq_A0.0917_C-0.014-A0.1062_C0.141,rd_out/ish/ws20-bs20_hq_A0.0917_C-0.014-A0.1062_C0.141_02000.png,0.47784580498866214,0.7384645213721464
190,rd_out/ish/ws20-bs20_hq_A0.0917_C-0.014-A0.1038_C0.159,rd_out/ish/ws20-bs20_hq_A0.0917_C-0.014-A0.1038_C0.159_02000.png,0.49403061224489797,0.7755483944922139
191,rd_out/ish/ws20-bs20_hq_A0.0917_C-0.014-A0.0893_C0.228,rd_out/ish/ws20-bs20_hq_A0.0917_C-0.014-A0.0893_C0.228_02000.png,0.5125453514739229,0.8298830088516048
192,rd_out/ish/ws20-bs20_hq_A0.0917_C-0.014-A0.0869_C0.210,rd_out/ish/ws20-bs20_hq_A0.0917_C-0.014-A0.0869_C0.210_02000.png,0.47656462585034015,0.7171027059657058
193,rd_out/ish/ws20-bs20_hq_A0.0917_C-0.014-A0.0821_C0.245,rd_out/ish/ws20-bs20_hq_A0.0917_C-0.014-A0.0821_C0.245_02000.png,0.5033616780045351,0.8338499731663057
194,rd_out/ish/ws20-bs20_hq_A0.0917_C-0.014-A0.0797_C0.245,rd_out/ish/ws20-bs20_hq_A0.0917_C-0.014-A0.0797_C0.245_02000.png,0.47609977324263036,0.658719366707005
195,rd_out/ish/ws20-bs20_hq_A0.0917_C-0.014-A0.0724_C0.279,rd_out/ish/ws20-bs20_hq_A0.0917_C-0.014-A0.0724_C0.279_02000.png,0.48639455782312924,0.7543258734790965
196,rd_out/ish/ws20-bs20_hq_A0.0917_C-0.014-A0.0724_C0.314,rd_out/ish/ws20-bs20_hq_A0.0917_C-0.014-A0.0724_C0.314_02000.png,0.5310600907029478,0.8364318212324686
197,rd_out/ish/ws20-bs20_hq_A0.0917_C-0.014-A0.0700_C0.297,rd_out/ish/ws20-bs20_hq_A0.0917_C-0.014-A0.0700_C0.297_02000.png,0.5005839002267574,0.8215154310283894
198,rd_out/ish/ws20-bs20_hq_A0.0917_C-0.014-A0.0700_C0.331,rd_out/ish/ws20-bs20_hq_A0.0917_C-0.014-A0.0700_C0.331_02000.png,0.5254251700680271,0.8158076532741269
199,rd_out/ish/ws20-bs20_hq_A0.0917_C-0.014-A0.0700_C0.366,rd_out/ish/ws20-bs20_hq_A0.0917_C-0.014-A0.0700_C0.366_02000.png,0.5668650793650793,0.8200673309653639
200,rd_out/ish/ws20-bs20_hq_A0.0917_C0.021-A0.1376_C0.003,rd_out/ish/ws20-bs20_hq_A0.0917_C0.021-A0.1376_C0.003_02000.png,0.495844671201814,0.8417835655335404
201,rd_out/ish/ws20-bs20_hq_A0.0917_C0.021-A0.1352_C0.021,rd_out/ish/ws20-bs20_hq_A0.0917_C0.021-A0.1352_C0.021_02000.png,0.4997392290249433,0.7490910906122008
202,rd_out/ish/ws20-bs20_hq_A0.0917_C0.021-A0.1303_C0.055,rd_out/ish/ws20-bs20_hq_A0.0917_C0.021-A0.1303_C0.055_02000.png,0.5236621315192743,0.8864327826837579
203,rd_out/ish/ws20-bs20_hq_A0.0917_C0.021-A0.1279_C0.038,rd_out/ish/ws20-bs20_hq_A0.0917_C0.021-A0.1279_C0.038_02000.png,0.4886904761904762,0.7409997839381972
204,rd_out/ish/ws20-bs20_hq_A0.0917_C0.021-A0.1279_C0.055,rd_out/ish/ws20-bs20_hq_A0.0917_C0.021-A0.1279_C0.055_02000.png,0.5211054421768707,0.8555413938290439
205,rd_out/ish/ws20-bs20_hq_A0.0917_C0.021-A0.1231_C0.072,rd_out/ish/ws20-bs20_hq_A0.0917_C0.021-A0.1231_C0.072_02000.png,0.50952947845805,0.8069298746867397
206,rd_out/ish/ws20-bs20_hq_A0.0917_C0.021-A0.1183_C0.072,rd_out/ish/ws20-bs20_hq_A0.0917_C0.021-A0.1183_C0.072_02000.png,0.4923185941043084,0.7980520169201726
207,rd_out/ish/ws20-bs20_hq_A0.0917_C0.021-A0.1134_C0.090,rd_out/ish/ws20-bs20_hq_A0.0917_C0.021-A0.1134_C0.090_02000.png,0.49815192743764175,0.8427958724194586
208,rd_out/ish/ws20-bs20_hq_A0.0917_C0.021-A0.1134_C0.107,rd_out/ish/ws20-bs20_hq_A0.0917_C0.021-A0.1134_C0.107_02000.png,0.5070238095238095,0.7935457157266934
209,rd_out/ish/ws20-bs20_hq_A0.0917_C0.021-A0.1062_C0.141,rd_out/ish/ws20-bs20_hq_A0.0917_C0.021-A0.1062_C0.141_02000.png,0.5245408163265306,0.8595443288523013
210,rd_out/ish/ws20-bs20_hq_A0.0917_C0.021-A0.1038_C0.159,rd_out/ish/ws20-bs20_hq_A0.0917_C0.021-A0.1038_C0.159_02000.png,0.5294727891156463,0.8708361297946048
211,rd_out/ish/ws20-bs20_hq_A0.0917_C0.021-A0.0893_C0.228,rd_out/ish/ws20-bs20_hq_A0.0917_C0.021-A0.0893_C0.228_02000.png,0.5459637188208617,0.7989379283865734
212,rd_out/ish/ws20-bs20_hq_A0.0917_C0.021-A0.0869_C0.210,rd_out/ish/ws20-bs20_hq_A0.0917_C0.021-A0.0869_C0.210_02000.png,0.5160544217687074,0.8732164888252194
213,rd_out/ish/ws20-bs20_hq_A0.0917_C0.021-A0.0821_C0.245,rd_out/ish/ws20-bs20_hq_A0.0917_C0.021-A0.0821_C0.245_02000.png,0.5359807256235828,0.8389623044202486
214,rd_out/ish/ws20-bs20_hq_A0.0917_C0.021-A0.0797_C0.245,rd_out/ish/ws20-bs20_hq_A0.0917_C0.021-A0.0797_C0.245_02000.png,0.5158900226757369,0.8257345448821157
215,rd_out/ish/ws20-bs20_hq_A0.0917_C0.021-A0.0724_C0.279,rd_out/ish/ws20-bs20_hq_A0.0917_C0.021-A0.0724_C0.279_02000.png,0.5228798185941043,0.8338201846129385
216,rd_out/ish/ws20-bs20_hq_A0.0917_C0.021-A0.0724_C0.314,rd_out/ish/ws20-bs20_hq_A0.0917_C0.021-A0.0724_C0.314_02000.png,0.5620181405895692,0.7604919999837914
217,rd_out/ish/ws20-bs20_hq_A0.0917_C0.021-A0.0700_C0.297,rd_out/ish/ws20-bs20_hq_A0.0917_C0.021-A0.0700_C0.297_02000.png,0.5337585034013606,0.8540133889199708
218,rd_out/ish/ws20-bs20_hq_A0.0917_C0.021-A0.0700_C0.331,rd_out/ish/ws20-bs20_hq_A0.0917_C0.021-A0.0700_C0.331_02000.png,0.5657766439909298,0.8131442718227886
219,rd_out/ish/ws20-bs20_hq_A0.0917_C0.021-A0.0700_C0.366,rd_out/ish/ws20-bs20_hq_A0.0917_C0.021-A0.0700_C0.366_02000.png,0.6036904761904762,0.6378656450908458
220,rd_out/ish/ws20-bs20_hq_A0.0893_C0.038-A0.1376_C0.003,rd_out/ish/ws20-bs20_hq_A0.0893_C0.038-A0.1376_C0.003_02000.png,0.5091553287981859,0.8250067413997939
221,rd_out/ish/ws20-bs20_hq_A0.0893_C0.038-A0.1352_C0.021,rd_out/ish/ws20-bs20_hq_A0.0893_C0.038-A0.1352_C0.021_02000.png,0.5130952380952382,0.8433063527324012
222,rd_out/ish/ws20-bs20_hq_A0.0893_C0.038-A0.1303_C0.055,rd_out/ish/ws20-bs20_hq_A0.0893_C0.038-A0.1303_C0.055_02000.png,0.5334410430839003,0.8327218374610995
223,rd_out/ish/ws20-bs20_hq_A0.0893_C0.038-A0.1279_C0.038,rd_out/ish/ws20-bs20_hq_A0.0893_C0.038-A0.1279_C0.038_02000.png,0.5107086167800454,0.8220553655627238
224,rd_out/ish/ws20-bs20_hq_A0.0893_C0.038-A0.1279_C0.055,rd_out/ish/ws20-bs20_hq_A0.0893_C0.038-A0.1279_C0.055_02000.png,0.5240022675736962,0.8473776633988288
225,rd_out/ish/ws20-bs20_hq_A0.0893_C0.038-A0.1231_C0.072,rd_out/ish/ws20-bs20_hq_A0.0893_C0.038-A0.1231_C0.072_02000.png,0.5206689342403629,0.8197603554535449
226,rd_out/ish/ws20-bs20_hq_A0.0893_C0.038-A0.1183_C0.072,rd_out/ish/ws20-bs20_hq_A0.0893_C0.038-A0.1183_C0.072_02000.png,0.49719954648526077,0.8232997249580698
227,rd_out/ish/ws20-bs20_hq_A0.0893_C0.038-A0.1134_C0.090,rd_out/ish/ws20-bs20_hq_A0.0893_C0.038-A0.1134_C0.090_02000.png,0.5003741496598639,0.8034793171838913
228,rd_out/ish/ws20-bs20_hq_A0.0893_C0.038-A0.1134_C0.107,rd_out/ish/ws20-bs20_hq_A0.0893_C0.038-A0.1134_C0.107_02000.png,0.5219557823129252,0.828054900644914
229,rd_out/ish/ws20-bs20_hq_A0.0893_C0.038-A0.1062_C0.141,rd_out/ish/ws20-bs20_hq_A0.0893_C0.038-A0.1062_C0.141_02000.png,0.5335884353741497,0.8531249089100013
230,rd_out/ish/ws20-bs20_hq_A0.0893_C0.038-A0.1038_C0.159,rd_out/ish/ws20-bs20_hq_A0.0893_C0.038-A0.1038_C0.159_02000.png,0.5385714285714286,0.8566710602171991
231,rd_out/ish/ws20-bs20_hq_A0.0893_C0.038-A0.0893_C0.228,rd_out/ish/ws20-bs20_hq_A0.0893_C0.038-A0.0893_C0.228_02000.png,0.5495578231292517,0.7958478868243333
232,rd_out/ish/ws20-bs20_hq_A0.0893_C0.038-A0.0869_C0.210,rd_out/ish/ws20-bs20_hq_A0.0893_C0.038-A0.0869_C0.210_02000.png,0.5198299319727891,0.8293004715797629
233,rd_out/ish/ws20-bs20_hq_A0.0893_C0.038-A0.0821_C0.245,rd_out/ish/ws20-bs20_hq_A0.0893_C0.038-A0.0821_C0.245_02000.png,0.538469387755102,0.8398045777917759
234,rd_out/ish/ws20-bs20_hq_A0.0893_C0.038-A0.0797_C0.245,rd_out/ish/ws20-bs20_hq_A0.0893_C0.038-A0.0797_C0.245_02000.png,0.536547619047619,0.8318148210589794
235,rd_out/ish/ws20-bs20_hq_A0.0893_C0.038-A0.0724_C0.279,rd_out/ish/ws20-bs20_hq_A0.0893_C0.038-A0.0724_C0.279_02000.png,0.5313945578231292,0.8119702119111156
236,rd_out/ish/ws20-bs20_hq_A0.0893_C0.038-A0.0724_C0.314,rd_out/ish/ws20-bs20_hq_A0.0893_C0.038-A0.0724_C0.314_02000.png,0.5743083900226758,0.7413149150769329
237,rd_out/ish/ws20-bs20_hq_A0.0893_C0.038-A0.0700_C0.297,rd_out/ish/ws20-bs20_hq_A0.0893_C0.038-A0.0700_C0.297_02000.png,0.5321938775510203,0.8228633497740186
238,rd_out/ish/ws20-bs20_hq_A0.0893_C0.038-A0.0700_C0.331,rd_out/ish/ws20-bs20_hq_A0.0893_C0.038-A0.0700_C0.331_02000.png,0.5787188208616779,0.7675712459788328
239,rd_out/ish/ws20-bs20_hq_A0.0893_C0.038-A0.0700_C0.366,rd_out/ish/ws20-bs20_hq_A0.0893_C0.038-A0.0700_C0.366_02000.png,0.6096315192743764,0.6634818255106365
240,rd_out/ish/ws20-bs20_hq_A0.0893_C-0.014-A0.1376_C0.003,rd_out/ish/ws20-bs20_hq_A0.0893_C-0.014-A0.1376_C0.003_02000.png,0.45367913832199547,0.78771165414676
241,rd_out/ish/ws20-bs20_hq_A0.0893_C-0.014-A0.1352_C0.021,rd_out/ish/ws20-bs20_hq_A0.0893_C-0.014-A0.1352_C0.021_02000.png,0.4608673469387755,0.7852740737100778
242,rd_out/ish/ws20-bs20_hq_A0.0893_C-0.014-A0.1303_C0.055,rd_out/ish/ws20-bs20_hq_A0.0893_C-0.014-A0.1303_C0.055_02000.png,0.4749319727891157,0.7125130103201396
243,rd_out/ish/ws20-bs20_hq_A0.0893_C-0.014-A0.1279_C0.038,rd_out/ish/ws20-bs20_hq_A0.0893_C-0.014-A0.1279_C0.038_02000.png,0.44005102040816324,0.5898233998768628
244,rd_out/ish/ws20-bs20_hq_A0.0893_C-0.014-A0.1279_C0.055,rd_out/ish/ws20-bs20_hq_A0.0893_C-0.014-A0.1279_C0.055_02000.png,0.47014739229024943,0.7794772222255694
245,rd_out/ish/ws20-bs20_hq_A0.0893_C-0.014-A0.1231_C0.072,rd_out/ish/ws20-bs20_hq_A0.0893_C-0.014-A0.1231_C0.072_02000.png,0.460062358276644,0.6868593854707932
246,rd_out/ish/ws20-bs20_hq_A0.0893_C-0.014-A0.1183_C0.072,rd_out/ish/ws20-bs20_hq_A0.0893_C-0.014-A0.1183_C0.072_02000.png,0.44956349206349205,0.6868704730135007
247,rd_out/ish/ws20-bs20_hq_A0.0893_C-0.014-A0.1134_C0.090,rd_out/ish/ws20-bs20_hq_A0.0893_C-0.014-A0.1134_C0.090_02000.png,0.44931972789115643,0.6257998317902927
248,rd_out/ish/ws20-bs20_hq_A0.0893_C-0.014-A0.1134_C0.107,rd_out/ish/ws20-bs20_hq_A0.0893_C-0.014-A0.1134_C0.107_02000.png,0.4624829931972789,0.6684648243475736
249,rd_out/ish/ws20-bs20_hq_A0.0893_C-0.014-A0.1062_C0.141,rd_out/ish/ws20-bs20_hq_A0.0893_C-0.014-A0.1062_C0.141_02000.png,0.46736961451247166,0.6738221518324312
250,rd_out/ish/ws20-bs20_hq_A0.0893_C-0.014-A0.1038_C0.159,rd_out/ish/ws20-bs20_hq_A0.0893_C-0.014-A0.1038_C0.159_02000.png,0.4785204081632653,0.7414705024959825
251,rd_out/ish/ws20-bs20_hq_A0.0893_C-0.014-A0.0893_C0.228,rd_out/ish/ws20-bs20_hq_A0.0893_C-0.014-A0.0893_C0.228_02000.png,0.49495464852607707,0.7580690860686371
252,rd_out/ish/ws20-bs20_hq_A0.0893_C-0.014-A0.0869_C0.210,rd_out/ish/ws20-bs20_hq_A0.0893_C-0.014-A0.0869_C0.210_02000.png,0.4696145124716553,0.7081275454628176
253,rd_out/ish/ws20-bs20_hq_A0.0893_C-0.014-A0.0821_C0.245,rd_out/ish/ws20-bs20_hq_A0.0893_C-0.014-A0.0821_C0.245_02000.png,0.4907879818594104,0.8345090569767422
254,rd_out/ish/ws20-bs20_hq_A0.0893_C-0.014-A0.0797_C0.245,rd_out/ish/ws20-bs20_hq_A0.0893_C-0.014-A0.0797_C0.245_02000.png,0.47218253968253965,0.6596299862031596
255,rd_out/ish/ws20-bs20_hq_A0.0893_C-0.014-A0.0724_C0.279,rd_out/ish/ws20-bs20_hq_A0.0893_C-0.014-A0.0724_C0.279_02000.png,0.48684807256235824,0.7569942219204191
256,rd_out/ish/ws20-bs20_hq_A0.0893_C-0.014-A0.0724_C0.314,rd_out/ish/ws20-bs20_hq_A0.0893_C-0.014-A0.0724_C0.314_02000.png,0.5153968253968254,0.8245315132511088
257,rd_out/ish/ws20-bs20_hq_A0.0893_C-0.014-A0.0700_C0.297,rd_out/ish/ws20-bs20_hq_A0.0893_C-0.014-A0.0700_C0.297_02000.png,0.4885487528344671,0.760651914419561
258,rd_out/ish/ws20-bs20_hq_A0.0893_C-0.014-A0.0700_C0.331,rd_out/ish/ws20-bs20_hq_A0.0893_C-0.014-A0.0700_C0.331_02000.png,0.5251757369614513,0.8439400238292756
259,rd_out/ish/ws20-bs20_hq_A0.0893_C-0.014-A0.0700_C0.366,rd_out/ish/ws20-bs20_hq_A0.0893_C-0.014-A0.0700_C0.366_02000.png,0.5568253968253968,0.8331568016529128
260,rd_out/ish/ws20-bs20_hq_A0.0821_C0.038-A0.1376_C0.003,rd_out/ish/ws20-bs20_hq_A0.0821_C0.038-A0.1376_C0.003_02000.png,0.48082766439909297,0.7585244320796046
261,rd_out/ish/ws20-bs20_hq_A0.0821_C0.038-A0.1352_C0.021,rd_out/ish/ws20-bs20_hq_A0.0821_C0.038-A0.1352_C0.021_02000.png,0.4862358276643991,0.8496632637999444
262,rd_out/ish/ws20-bs20_hq_A0.0821_C0.038-A0.1303_C0.055,rd_out/ish/ws20-bs20_hq_A0.0821_C0.038-A0.1303_C0.055_02000.png,0.5032369614512472,0.817038108971073
263,rd_out/ish/ws20-bs20_hq_A0.0821_C0.038-A0.1279_C0.038,rd_out/ish/ws20-bs20_hq_A0.0821_C0.038-A0.1279_C0.038_02000.png,0.4681689342403628,0.7213188618336839
264,rd_out/ish/ws20-bs20_hq_A0.0821_C0.038-A0.1279_C0.055,rd_out/ish/ws20-bs20_hq_A0.0821_C0.038-A0.1279_C0.055_02000.png,0.49483560090702944,0.8048703543712157
265,rd_out/ish/ws20-bs20_hq_A0.0821_C0.038-A0.1231_C0.072,rd_out/ish/ws20-bs20_hq_A0.0821_C0.038-A0.1231_C0.072_02000.png,0.49202380952380953,0.7410351726135608
266,rd_out/ish/ws20-bs20_hq_A0.0821_C0.038-A0.1183_C0.072,rd_out/ish/ws20-bs20_hq_A0.0821_C0.038-A0.1183_C0.072_02000.png,0.4733560090702948,0.759175365612774
267,rd_out/ish/ws20-bs20_hq_A0.0821_C0.038-A0.1134_C0.090,rd_out/ish/ws20-bs20_hq_A0.0821_C0.038-A0.1134_C0.090_02000.png,0.4658333333333333,0.6138725415370658
268,rd_out/ish/ws20-bs20_hq_A0.0821_C0.038-A0.1134_C0.107,rd_out/ish/ws20-bs20_hq_A0.0821_C0.038-A0.1134_C0.107_02000.png,0.4866496598639456,0.7562370326666309
269,rd_out/ish/ws20-bs20_hq_A0.0821_C0.038-A0.1062_C0.141,rd_out/ish/ws20-bs20_hq_A0.0821_C0.038-A0.1062_C0.141_02000.png,0.4998582766439909,0.8041307847222127
270,rd_out/ish/ws20-bs20_hq_A0.0821_C0.038-A0.1038_C0.159,rd_out/ish/ws20-bs20_hq_A0.0821_C0.038-A0.1038_C0.159_02000.png,0.49859410430839,0.7806211719965241
271,rd_out/ish/ws20-bs20_hq_A0.0821_C0.038-A0.0893_C0.228,rd_out/ish/ws20-bs20_hq_A0.0821_C0.038-A0.0893_C0.228_02000.png,0.5227380952380952,0.8424042789286857
272,rd_out/ish/ws20-bs20_hq_A0.0821_C0.038-A0.0869_C0.210,rd_out/ish/ws20-bs20_hq_A0.0821_C0.038-A0.0869_C0.210_02000.png,0.49732993197278913,0.8219561439088142
273,rd_out/ish/ws20-bs20_hq_A0.0821_C0.038-A0.0821_C0.245,rd_out/ish/ws20-bs20_hq_A0.0821_C0.038-A0.0821_C0.245_02000.png,0.503860544217687,0.7974117165580115
274,rd_out/ish/ws20-bs20_hq_A0.0821_C0.038-A0.0797_C0.245,rd_out/ish/ws20-bs20_hq_A0.0821_C0.038-A0.0797_C0.245_02000.png,0.5016950113378684,0.794576274619756
275,rd_out/ish/ws20-bs20_hq_A0.0821_C0.038-A0.0724_C0.279,rd_out/ish/ws20-bs20_hq_A0.0821_C0.038-A0.0724_C0.279_02000.png,0.5089965986394557,0.8682291739477799
276,rd_out/ish/ws20-bs20_hq_A0.0821_C0.038-A0.0724_C0.314,rd_out/ish/ws20-bs20_hq_A0.0821_C0.038-A0.0724_C0.314_02000.png,0.5402097505668935,0.7835540161602941
277,rd_out/ish/ws20-bs20_hq_A0.0821_C0.038-A0.0700_C0.297,rd_out/ish/ws20-bs20_hq_A0.0821_C0.038-A0.0700_C0.297_02000.png,0.5130895691609977,0.8777477138192635
278,rd_out/ish/ws20-bs20_hq_A0.0821_C0.038-A0.0700_C0.331,rd_out/ish/ws20-bs20_hq_A0.0821_C0.038-A0.0700_C0.331_02000.png,0.5461734693877551,0.8736372675039075
279,rd_out/ish/ws20-bs20_hq_A0.0821_C0.038-A0.0700_C0.366,rd_out/ish/ws20-bs20_hq_A0.0821_C0.038-A0.0700_C0.366_02000.png,0.5790816326530612,0.7387829306791526
280,rd_out/ish/ws20-bs20_hq_A0.0797_C0.003-A0.1376_C0.003,rd_out/ish/ws20-bs20_hq_A0.0797_C0.003-A0.1376_C0.003_02000.png,0.4331519274376417,0.7166572997817046
281,rd_out/ish/ws20-bs20_hq_A0.0797_C0.003-A0.1352_C0.021,rd_out/ish/ws20-bs20_hq_A0.0797_C0.003-A0.1352_C0.021_02000.png,0.4377380952380952,0.6899193199554337
282,rd_out/ish/ws20-bs20_hq_A0.0797_C0.003-A0.1303_C0.055,rd_out/ish/ws20-bs20_hq_A0.0797_C0.003-A0.1303_C0.055_02000.png,0.44555555555555554,0.6196773350418207
283,rd_out/ish/ws20-bs20_hq_A0.0797_C0.003-A0.1279_C0.038,rd_out/ish/ws20-bs20_hq_A0.0797_C0.003-A0.1279_C0.038_02000.png,0.42685941043083897,0.6142630811972205
284,rd_out/ish/ws20-bs20_hq_A0.0797_C0.003-A0.1279_C0.055,rd_out/ish/ws20-bs20_hq_A0.0797_C0.003-A0.1279_C0.055_02000.png,0.4451643990929705,0.7357290923909134
285,rd_out/ish/ws20-bs20_hq_A0.0797_C0.003-A0.1231_C0.072,rd_out/ish/ws20-bs20_hq_A0.0797_C0.003-A0.1231_C0.072_02000.png,0.4407596371882086,0.6570417654636285
286,rd_out/ish/ws20-bs20_hq_A0.0797_C0.003-A0.1183_C0.072,rd_out/ish/ws20-bs20_hq_A0.0797_C0.003-A0.1183_C0.072_02000.png,0.42426303854875286,0.5617757581917269
287,rd_out/ish/ws20-bs20_hq_A0.0797_C0.003-A0.1134_C0.090,rd_out/ish/ws20-bs20_hq_A0.0797_C0.003-A0.1134_C0.090_02000.png,0.43060090702947845,0.6394365990577708
288,rd_out/ish/ws20-bs20_hq_A0.0797_C0.003-A0.1134_C0.107,rd_out/ish/ws20-bs20_hq_A0.0797_C0.003-A0.1134_C0.107_02000.png,0.4454421768707483,0.6730438693019876
289,rd_out/ish/ws20-bs20_hq_A0.0797_C0.003-A0.1062_C0.141,rd_out/ish/ws20-bs20_hq_A0.0797_C0.003-A0.1062_C0.141_02000.png,0.4507596371882086,0.6170146354324717
290,rd_out/ish/ws20-bs20_hq_A0.0797_C0.003-A0.1038_C0.159,rd_out/ish/ws20-bs20_hq_A0.0797_C0.003-A0.1038_C0.159_02000.png,0.45415532879818593,0.6393784318310731
291,rd_out/ish/ws20-bs20_hq_A0.0797_C0.003-A0.0893_C0.228,rd_out/ish/ws20-bs20_hq_A0.0797_C0.003-A0.0893_C0.228_02000.png,0.47890022675736965,0.7227184200250117
292,rd_out/ish/ws20-bs20_hq_A0.0797_C0.003-A0.0869_C0.210,rd_out/ish/ws20-bs20_hq_A0.0797_C0.003-A0.0869_C0.210_02000.png,0.4522165532879819,0.6743001756177414
293,rd_out/ish/ws20-bs20_hq_A0.0797_C0.003-A0.0821_C0.245,rd_out/ish/ws20-bs20_hq_A0.0797_C0.003-A0.0821_C0.245_02000.png,0.46429138321995467,0.6875195000306834
294,rd_out/ish/ws20-bs20_hq_A0.0797_C0.003-A0.0797_C0.245,rd_out/ish/ws20-bs20_hq_A0.0797_C0.003-A0.0797_C0.245_02000.png,0.4582086167800453,0.6868341313172646
295,rd_out/ish/ws20-bs20_hq_A0.0797_C0.003-A0.0724_C0.279,rd_out/ish/ws20-bs20_hq_A0.0797_C0.003-A0.0724_C0.279_02000.png,0.4669501133786848,0.7533163599949233
296,rd_out/ish/ws20-bs20_hq_A0.0797_C0.003-A0.0724_C0.314,rd_out/ish/ws20-bs20_hq_A0.0797_C0.003-A0.0724_C0.314_02000.png,0.4928004535147392,0.7676877884445656
297,rd_out/ish/ws20-bs20_hq_A0.0797_C0.003-A0.0700_C0.297,rd_out/ish/ws20-bs20_hq_A0.0797_C0.003-A0.0700_C0.297_02000.png,0.4743253968253968,0.8052658259690978
298,rd_out/ish/ws20-bs20_hq_A0.0797_C0.003-A0.0700_C0.331,rd_out/ish/ws20-bs20_hq_A0.0797_C0.003-A0.0700_C0.331_02000.png,0.5074943310657597,0.8466807431070088
299,rd_out/ish/ws20-bs20_hq_A0.0797_C0.003-A0.0700_C0.366,rd_out/ish/ws20-bs20_hq_A0.0797_C0.003-A0.0700_C0.366_02000.png,0.5348696145124716,0.8873258339445443
300,rd_out/ish/ws20-bs20_hq_A0.0797_C0.038-A0.1376_C0.003,rd_out/ish/ws20-bs20_hq_A0.0797_C0.038-A0.1376_C0.003_02000.png,0.4669444444444445,0.6910910937354229
301,rd_out/ish/ws20-bs20_hq_A0.0797_C0.038-A0.1352_C0.021,rd_out/ish/ws20-bs20_hq_A0.0797_C0.038-A0.1352_C0.021_02000.png,0.4799773242630385,0.7919279249718475
302,rd_out/ish/ws20-bs20_hq_A0.0797_C0.038-A0.1303_C0.055,rd_out/ish/ws20-bs20_hq_A0.0797_C0.038-A0.1303_C0.055_02000.png,0.48456916099773245,0.687014585651887
303,rd_out/ish/ws20-bs20_hq_A0.0797_C0.038-A0.1279_C0.038,rd_out/ish/ws20-bs20_hq_A0.0797_C0.038-A0.1279_C0.038_02000.png,0.45655895691609977,0.6601030120287261
304,rd_out/ish/ws20-bs20_hq_A0.0797_C0.038-A0.1279_C0.055,rd_out/ish/ws20-bs20_hq_A0.0797_C0.038-A0.1279_C0.055_02000.png,0.48027777777777775,0.7774109709167362
305,rd_out/ish/ws20-bs20_hq_A0.0797_C0.038-A0.1231_C0.072,rd_out/ish/ws20-bs20_hq_A0.0797_C0.038-A0.1231_C0.072_02000.png,0.48287414965986397,0.7313683531310324
306,rd_out/ish/ws20-bs20_hq_A0.0797_C0.038-A0.1183_C0.072,rd_out/ish/ws20-bs20_hq_A0.0797_C0.038-A0.1183_C0.072_02000.png,0.4604308390022676,0.6559760920681712
307,rd_out/ish/ws20-bs20_hq_A0.0797_C0.038-A0.1134_C0.090,rd_out/ish/ws20-bs20_hq_A0.0797_C0.038-A0.1134_C0.090_02000.png,0.455702947845805,0.6175738390072989
308,rd_out/ish/ws20-bs20_hq_A0.0797_C0.038-A0.1134_C0.107,rd_out/ish/ws20-bs20_hq_A0.0797_C0.038-A0.1134_C0.107_02000.png,0.47205215419501134,0.7239773491808155
309,rd_out/ish/ws20-bs20_hq_A0.0797_C0.038-A0.1062_C0.141,rd_out/ish/ws20-bs20_hq_A0.0797_C0.038-A0.1062_C0.141_02000.png,0.49358843537414965,0.7641091448255822
310,rd_out/ish/ws20-bs20_hq_A0.0797_C0.038-A0.1038_C0.159,rd_out/ish/ws20-bs20_hq_A0.0797_C0.038-A0.1038_C0.159_02000.png,0.5005328798185942,0.7348195534078154
311,rd_out/ish/ws20-bs20_hq_A0.0797_C0.038-A0.0893_C0.228,rd_out/ish/ws20-bs20_hq_A0.0797_C0.038-A0.0893_C0.228_02000.png,0.5097562358276644,0.787205488310005
312,rd_out/ish/ws20-bs20_hq_A0.0797_C0.038-A0.0869_C0.210,rd_out/ish/ws20-bs20_hq_A0.0797_C0.038-A0.0869_C0.210_02000.png,0.47985827664399094,0.798485457947022
313,rd_out/ish/ws20-bs20_hq_A0.0797_C0.038-A0.0821_C0.245,rd_out/ish/ws20-bs20_hq_A0.0797_C0.038-A0.0821_C0.245_02000.png,0.502874149659864,0.8719215689203477
314,rd_out/ish/ws20-bs20_hq_A0.0797_C0.038-A0.0797_C0.245,rd_out/ish/ws20-bs20_hq_A0.0797_C0.038-A0.0797_C0.245_02000.png,0.48859410430839,0.7485403921963079
315,rd_out/ish/ws20-bs20_hq_A0.0797_C0.038-A0.0724_C0.279,rd_out/ish/ws20-bs20_hq_A0.0797_C0.038-A0.0724_C0.279_02000.png,0.49979591836734694,0.8222047311539159
316,rd_out/ish/ws20-bs20_hq_A0.0797_C0.038-A0.0724_C0.314,rd_out/ish/ws20-bs20_hq_A0.0797_C0.038-A0.0724_C0.314_02000.png,0.5289625850340136,0.8721438758892579
317,rd_out/ish/ws20-bs20_hq_A0.0797_C0.038-A0.0700_C0.297,rd_out/ish/ws20-bs20_hq_A0.0797_C0.038-A0.0700_C0.297_02000.png,0.5026020408163265,0.8398959165525679
318,rd_out/ish/ws20-bs20_hq_A0.0797_C0.038-A0.0700_C0.331,rd_out/ish/ws20-bs20_hq_A0.0797_C0.038-A0.0700_C0.331_02000.png,0.5329251700680273,0.8388476986517367
319,rd_out/ish/ws20-bs20_hq_A0.0797_C0.038-A0.0700_C0.366,rd_out/ish/ws20-bs20_hq_A0.0797_C0.038-A0.0700_C0.366_02000.png,0.567437641723356,0.8190699179427936
320,rd_out/ish/ws20-bs20_hq_A0.0772_C-0.014-A0.1376_C0.003,rd_out/ish/ws20-bs20_hq_A0.0772_C-0.014-A0.1376_C0.003_02000.png,0.3958843537414966,0.615484685087869
321,rd_out/ish/ws20-bs20_hq_A0.0772_C-0.014-A0.1352_C0.021,rd_out/ish/ws20-bs20_hq_A0.0772_C-0.014-A0.1352_C0.021_02000.png,0.4139512471655329,0.6232290785799728
322,rd_out/ish/ws20-bs20_hq_A0.0772_C-0.014-A0.1303_C0.055,rd_out/ish/ws20-bs20_hq_A0.0772_C-0.014-A0.1303_C0.055_02000.png,0.42822562358276645,0.6260241440894141
323,rd_out/ish/ws20-bs20_hq_A0.0772_C-0.014-A0.1279_C0.038,rd_out/ish/ws20-bs20_hq_A0.0772_C-0.014-A0.1279_C0.038_02000.png,0.4008503401360544,0.5543331587953791
324,rd_out/ish/ws20-bs20_hq_A0.0772_C-0.014-A0.1279_C0.055,rd_out/ish/ws20-bs20_hq_A0.0772_C-0.014-A0.1279_C0.055_02000.png,0.41714285714285715,0.6068005827684433
325,rd_out/ish/ws20-bs20_hq_A0.0772_C-0.014-A0.1231_C0.072,rd_out/ish/ws20-bs20_hq_A0.0772_C-0.014-A0.1231_C0.072_02000.png,0.41872448979591836,0.5748944497690869
326,rd_out/ish/ws20-bs20_hq_A0.0772_C-0.014-A0.1183_C0.072,rd_out/ish/ws20-bs20_hq_A0.0772_C-0.014-A0.1183_C0.072_02000.png,0.40478458049886623,0.597659172523731
327,rd_out/ish/ws20-bs20_hq_A0.0772_C-0.014-A0.1134_C0.090,rd_out/ish/ws20-bs20_hq_A0.0772_C-0.014-A0.1134_C0.090_02000.png,0.39918934240362813,0.5232966897750375
328,rd_out/ish/ws20-bs20_hq_A0.0772_C-0.014-A0.1134_C0.107,rd_out/ish/ws20-bs20_hq_A0.0772_C-0.014-A0.1134_C0.107_02000.png,0.41188775510204084,0.4548624768351127
329,rd_out/ish/ws20-bs20_hq_A0.0772_C-0.014-A0.1062_C0.141,rd_out/ish/ws20-bs20_hq_A0.0772_C-0.014-A0.1062_C0.141_02000.png,0.4196712018140589,0.5008279260551103
330,rd_out/ish/ws20-bs20_hq_A0.0772_C-0.014-A0.1038_C0.159,rd_out/ish/ws20-bs20_hq_A0.0772_C-0.014-A0.1038_C0.159_02000.png,0.44009637188208617,0.6796823881705731
331,rd_out/ish/ws20-bs20_hq_A0.0772_C-0.014-A0.0893_C0.228,rd_out/ish/ws20-bs20_hq_A0.0772_C-0.014-A0.0893_C0.228_02000.png,0.44556689342403627,0.7235100251775861
332,rd_out/ish/ws20-bs20_hq_A0.0772_C-0.014-A0.0869_C0.210,rd_out/ish/ws20-bs20_hq_A0.0772_C-0.014-A0.0869_C0.210_02000.png,0.42437074829931976,0.6186043500541996
333,rd_out/ish/ws20-bs20_hq_A0.0772_C-0.014-A0.0821_C0.245,rd_out/ish/ws20-bs20_hq_A0.0772_C-0.014-A0.0821_C0.245_02000.png,0.44700680272108845,0.7388354200328023
334,rd_out/ish/ws20-bs20_hq_A0.0772_C-0.014-A0.0797_C0.245,rd_out/ish/ws20-bs20_hq_A0.0772_C-0.014-A0.0797_C0.245_02000.png,0.4399092970521542,0.5751693418750586
335,rd_out/ish/ws20-bs20_hq_A0.0772_C-0.014-A0.0724_C0.279,rd_out/ish/ws20-bs20_hq_A0.0772_C-0.014-A0.0724_C0.279_02000.png,0.4406519274376417,0.6479989014119374
336,rd_out/ish/ws20-bs20_hq_A0.0772_C-0.014-A0.0724_C0.314,rd_out/ish/ws20-bs20_hq_A0.0772_C-0.014-A0.0724_C0.314_02000.png,0.4748639455782313,0.7725408170835972
337,rd_out/ish/ws20-bs20_hq_A0.0772_C-0.014-A0.0700_C0.297,rd_out/ish/ws20-bs20_hq_A0.0772_C-0.014-A0.0700_C0.297_02000.png,0.4579988662131519,0.7189227400327485
338,rd_out/ish/ws20-bs20_hq_A0.0772_C-0.014-A0.0700_C0.331,rd_out/ish/ws20-bs20_hq_A0.0772_C-0.014-A0.0700_C0.331_02000.png,0.4762244897959184,0.7545090839810404
339,rd_out/ish/ws20-bs20_hq_A0.0772_C-0.014-A0.0700_C0.366,rd_out/ish/ws20-bs20_hq_A0.0772_C-0.014-A0.0700_C0.366_02000.png,0.5098242630385488,0.8122430356382274
340,rd_out/ish/ws20-bs20_hq_A0.0748_C0.055-A0.1376_C0.003,rd_out/ish/ws20-bs20_hq_A0.0748_C0.055-A0.1376_C0.003_02000.png,0.47330498866213155,0.745427846021173
341,rd_out/ish/ws20-bs20_hq_A0.0748_C0.055-A0.1352_C0.021,rd_out/ish/ws20-bs20_hq_A0.0748_C0.055-A0.1352_C0.021_02000.png,0.4772165532879819,0.7301871544041324
342,rd_out/ish/ws20-bs20_hq_A0.0748_C0.055-A0.1303_C0.055,rd_out/ish/ws20-bs20_hq_A0.0748_C0.055-A0.1303_C0.055_02000.png,0.4986678004535148,0.8234975195335217
343,rd_out/ish/ws20-bs20_hq_A0.0748_C0.055-A0.1279_C0.038,rd_out/ish/ws20-bs20_hq_A0.0748_C0.055-A0.1279_C0.038_02000.png,0.46865079365079365,0.7742075727277727
344,rd_out/ish/ws20-bs20_hq_A0.0748_C0.055-A0.1279_C0.055,rd_out/ish/ws20-bs20_hq_A0.0748_C0.055-A0.1279_C0.055_02000.png,0.48037414965986397,0.7399729441304179
345,rd_out/ish/ws20-bs20_hq_A0.0748_C0.055-A0.1231_C0.072,rd_out/ish/ws20-bs20_hq_A0.0748_C0.055-A0.1231_C0.072_02000.png,0.4770294784580499,0.7353626057357654
346,rd_out/ish/ws20-bs20_hq_A0.0748_C0.055-A0.1183_C0.072,rd_out/ish/ws20-bs20_hq_A0.0748_C0.055-A0.1183_C0.072_02000.png,0.4625566893424036,0.6743264433254809
347,rd_out/ish/ws20-bs20_hq_A0.0748_C0.055-A0.1134_C0.090,rd_out/ish/ws20-bs20_hq_A0.0748_C0.055-A0.1134_C0.090_02000.png,0.4648185941043084,0.6498232584705238
348,rd_out/ish/ws20-bs20_hq_A0.0748_C0.055-A0.1134_C0.107,rd_out/ish/ws20-bs20_hq_A0.0748_C0.055-A0.1134_C0.107_02000.png,0.4815759637188209,0.7367299350562138
349,rd_out/ish/ws20-bs20_hq_A0.0748_C0.055-A0.1062_C0.141,rd_out/ish/ws20-bs20_hq_A0.0748_C0.055-A0.1062_C0.141_02000.png,0.49099773242630385,0.7486346554986569
350,rd_out/ish/ws20-bs20_hq_A0.0748_C0.055-A0.1038_C0.159,rd_out/ish/ws20-bs20_hq_A0.0748_C0.055-A0.1038_C0.159_02000.png,0.4903968253968254,0.7196083417661243
351,rd_out/ish/ws20-bs20_hq_A0.0748_C0.055-A0.0893_C0.228,rd_out/ish/ws20-bs20_hq_A0.0748_C0.055-A0.0893_C0.228_02000.png,0.5053004535147392,0.8126068882479042
352,rd_out/ish/ws20-bs20_hq_A0.0748_C0.055-A0.0869_C0.210,rd_out/ish/ws20-bs20_hq_A0.0748_C0.055-A0.0869_C0.210_02000.png,0.48248866213151925,0.827979818528256
353,rd_out/ish/ws20-bs20_hq_A0.0748_C0.055-A0.0821_C0.245,rd_out/ish/ws20-bs20_hq_A0.0748_C0.055-A0.0821_C0.245_02000.png,0.4989002267573696,0.8546431803364132
354,rd_out/ish/ws20-bs20_hq_A0.0748_C0.055-A0.0797_C0.245,rd_out/ish/ws20-bs20_hq_A0.0748_C0.055-A0.0797_C0.245_02000.png,0.4847448979591837,0.8125261761931195
355,rd_out/ish/ws20-bs20_hq_A0.0748_C0.055-A0.0724_C0.279,rd_out/ish/ws20-bs20_hq_A0.0748_C0.055-A0.0724_C0.279_02000.png,0.5007426303854875,0.8141426031759379
356,rd_out/ish/ws20-bs20_hq_A0.0748_C0.055-A0.0724_C0.314,rd_out/ish/ws20-bs20_hq_A0.0748_C0.055-A0.0724_C0.314_02000.png,0.5280102040816326,0.8501779002387364
357,rd_out/ish/ws20-bs20_hq_A0.0748_C0.055-A0.0700_C0.297,rd_out/ish/ws20-bs20_hq_A0.0748_C0.055-A0.0700_C0.297_02000.png,0.5095068027210884,0.8847369962353352
358,rd_out/ish/ws20-bs20_hq_A0.0748_C0.055-A0.0700_C0.331,rd_out/ish/ws20-bs20_hq_A0.0748_C0.055-A0.0700_C0.331_02000.png,0.5297732426303855,0.8669407156853817
359,rd_out/ish/ws20-bs20_hq_A0.0748_C0.055-A0.0700_C0.366,rd_out/ish/ws20-bs20_hq_A0.0748_C0.055-A0.0700_C0.366_02000.png,0.558327664399093,0.8222121078276029
360,rd_out/ish/ws20-bs20_hq_A0.0724_C0.038-A0.1376_C0.003,rd_out/ish/ws20-bs20_hq_A0.0724_C0.038-A0.1376_C0.003_02000.png,0.43695011337868483,0.6740073301951945
361,rd_out/ish/ws20-bs20_hq_A0.0724_C0.038-A0.1352_C0.021,rd_out/ish/ws20-bs20_hq_A0.0724_C0.038-A0.1352_C0.021_02000.png,0.45692743764172333,0.7320743137809631
362,rd_out/ish/ws20-bs20_hq_A0.0724_C0.038-A0.1303_C0.055,rd_out/ish/ws20-bs20_hq_A0.0724_C0.038-A0.1303_C0.055_02000.png,0.46981292517006806,0.7330350051922443
363,rd_out/ish/ws20-bs20_hq_A0.0724_C0.038-A0.1279_C0.038,rd_out/ish/ws20-bs20_hq_A0.0724_C0.038-A0.1279_C0.038_02000.png,0.43528344671201813,0.6076534632292985
364,rd_out/ish/ws20-bs20_hq_A0.0724_C0.038-A0.1279_C0.055,rd_out/ish/ws20-bs20_hq_A0.0724_C0.038-A0.1279_C0.055_02000.png,0.45246031746031745,0.6393733700996176
365,rd_out/ish/ws20-bs20_hq_A0.0724_C0.038-A0.1231_C0.072,rd_out/ish/ws20-bs20_hq_A0.0724_C0.038-A0.1231_C0.072_02000.png,0.455,0.6683259429197705
366,rd_out/ish/ws20-bs20_hq_A0.0724_C0.038-A0.1183_C0.072,rd_out/ish/ws20-bs20_hq_A0.0724_C0.038-A0.1183_C0.072_02000.png,0.4351643990929705,0.5708944777802168
367,rd_out/ish/ws20-bs20_hq_A0.0724_C0.038-A0.1134_C0.090,rd_out/ish/ws20-bs20_hq_A0.0724_C0.038-A0.1134_C0.090_02000.png,0.4352607709750567,0.5773698524182422
368,rd_out/ish/ws20-bs20_hq_A0.0724_C0.038-A0.1134_C0.107,rd_out/ish/ws20-bs20_hq_A0.0724_C0.038-A0.1134_C0.107_02000.png,0.44796485260770974,0.6605290383482438
369,rd_out/ish/ws20-bs20_hq_A0.0724_C0.038-A0.1062_C0.141,rd_out/ish/ws20-bs20_hq_A0.0724_C0.038-A0.1062_C0.141_02000.png,0.46575396825396825,0.6829665523696304
370,rd_out/ish/ws20-bs20_hq_A0.0724_C0.038-A0.1038_C0.159,rd_out/ish/ws20-bs20_hq_A0.0724_C0.038-A0.1038_C0.159_02000.png,0.47200113378684805,0.7701767976164214
371,rd_out/ish/ws20-bs20_hq_A0.0724_C0.038-A0.0893_C0.228,rd_out/ish/ws20-bs20_hq_A0.0724_C0.038-A0.0893_C0.228_02000.png,0.47330498866213155,0.6605216700719632
372,rd_out/ish/ws20-bs20_hq_A0.0724_C0.038-A0.0869_C0.210,rd_out/ish/ws20-bs20_hq_A0.0724_C0.038-A0.0869_C0.210_02000.png,0.45537414965986395,0.6082312899078147
373,rd_out/ish/ws20-bs20_hq_A0.0724_C0.038-A0.0821_C0.245,rd_out/ish/ws20-bs20_hq_A0.0724_C0.038-A0.0821_C0.245_02000.png,0.4826814058956916,0.7962849529530167
374,rd_out/ish/ws20-bs20_hq_A0.0724_C0.038-A0.0797_C0.245,rd_out/ish/ws20-bs20_hq_A0.0724_C0.038-A0.0797_C0.245_02000.png,0.47209750566893427,0.7946460350744636
375,rd_out/ish/ws20-bs20_hq_A0.0724_C0.038-A0.0724_C0.279,rd_out/ish/ws20-bs20_hq_A0.0724_C0.038-A0.0724_C0.279_02000.png,0.4805668934240363,0.8199852392440352
376,rd_out/ish/ws20-bs20_hq_A0.0724_C0.038-A0.0724_C0.314,rd_out/ish/ws20-bs20_hq_A0.0724_C0.038-A0.0724_C0.314_02000.png,0.500640589569161,0.8593575125970319
377,rd_out/ish/ws20-bs20_hq_A0.0724_C0.038-A0.0700_C0.297,rd_out/ish/ws20-bs20_hq_A0.0724_C0.038-A0.0700_C0.297_02000.png,0.4848356009070295,0.8136295285423552
378,rd_out/ish/ws20-bs20_hq_A0.0724_C0.038-A0.0700_C0.331,rd_out/ish/ws20-bs20_hq_A0.0724_C0.038-A0.0700_C0.331_02000.png,0.5108106575963719,0.8454384555651528
379,rd_out/ish/ws20-bs20_hq_A0.0724_C0.038-A0.0700_C0.366,rd_out/ish/ws20-bs20_hq_A0.0724_C0.038-A0.0700_C0.366_02000.png,0.5374433106575964,0.8582695042048261
380,rd_out/ish/ws20-bs20_hq_A0.0700_C0.072-A0.1376_C0.003,rd_out/ish/ws20-bs20_hq_A0.0700_C0.072-A0.1376_C0.003_02000.png,0.45861678004535145,0.6919262419990331
381,rd_out/ish/ws20-bs20_hq_A0.0700_C0.072-A0.1352_C0.021,rd_out/ish/ws20-bs20_hq_A0.0700_C0.072-A0.1352_C0.021_02000.png,0.46977324263038545,0.715689222606075
382,rd_out/ish/ws20-bs20_hq_A0.0700_C0.072-A0.1303_C0.055,rd_out/ish/ws20-bs20_hq_A0.0700_C0.072-A0.1303_C0.055_02000.png,0.48804988662131515,0.7566534306387794
383,rd_out/ish/ws20-bs20_hq_A0.0700_C0.072-A0.1279_C0.038,rd_out/ish/ws20-bs20_hq_A0.0700_C0.072-A0.1279_C0.038_02000.png,0.46638321995464854,0.7717758699414945
384,rd_out/ish/ws20-bs20_hq_A0.0700_C0.072-A0.1279_C0.055,rd_out/ish/ws20-bs20_hq_A0.0700_C0.072-A0.1279_C0.055_02000.png,0.47339569160997735,0.7155487146041901
385,rd_out/ish/ws20-bs20_hq_A0.0700_C0.072-A0.1231_C0.072,rd_out/ish/ws20-bs20_hq_A0.0700_C0.072-A0.1231_C0.072_02000.png,0.47611678004535146,0.7215182716900413
386,rd_out/ish/ws20-bs20_hq_A0.0700_C0.072-A0.1183_C0.072,rd_out/ish/ws20-bs20_hq_A0.0700_C0.072-A0.1183_C0.072_02000.png,0.4553514739229025,0.6011018208471126
387,rd_out/ish/ws20-bs20_hq_A0.0700_C0.072-A0.1134_C0.090,rd_out/ish/ws20-bs20_hq_A0.0700_C0.072-A0.1134_C0.090_02000.png,0.45743764172335605,0.6534342049313618
388,rd_out/ish/ws20-bs20_hq_A0.0700_C0.072-A0.1134_C0.107,rd_out/ish/ws20-bs20_hq_A0.0700_C0.072-A0.1134_C0.107_02000.png,0.4751700680272109,0.6525295324350915
389,rd_out/ish/ws20-bs20_hq_A0.0700_C0.072-A0.1062_C0.141,rd_out/ish/ws20-bs20_hq_A0.0700_C0.072-A0.1062_C0.141_02000.png,0.4840759637188209,0.7331974619750199
390,rd_out/ish/ws20-bs20_hq_A0.0700_C0.072-A0.1038_C0.159,rd_out/ish/ws20-bs20_hq_A0.0700_C0.072-A0.1038_C0.159_02000.png,0.49261337868480726,0.6965648407817738
391,rd_out/ish/ws20-bs20_hq_A0.0700_C0.072-A0.0893_C0.228,rd_out/ish/ws20-bs20_hq_A0.0700_C0.072-A0.0893_C0.228_02000.png,0.5086281179138322,0.8227890031721352
392,rd_out/ish/ws20-bs20_hq_A0.0700_C0.072-A0.0869_C0.210,rd_out/ish/ws20-bs20_hq_A0.0700_C0.072-A0.0869_C0.210_02000.png,0.4772902494331066,0.772601447587287
393,rd_out/ish/ws20-bs20_hq_A0.0700_C0.072-A0.0821_C0.245,rd_out/ish/ws20-bs20_hq_A0.0700_C0.072-A0.0821_C0.245_02000.png,0.49760204081632653,0.7873390435158379
394,rd_out/ish/ws20-bs20_hq_A0.0700_C0.072-A0.0797_C0.245,rd_out/ish/ws20-bs20_hq_A0.0700_C0.072-A0.0797_C0.245_02000.png,0.4901927437641723,0.8200174943631997
395,rd_out/ish/ws20-bs20_hq_A0.0700_C0.072-A0.0724_C0.279,rd_out/ish/ws20-bs20_hq_A0.0700_C0.072-A0.0724_C0.279_02000.png,0.4922392290249433,0.8322285939140583
396,rd_out/ish/ws20-bs20_hq_A0.0700_C0.072-A0.0724_C0.314,rd_out/ish/ws20-bs20_hq_A0.0700_C0.072-A0.0724_C0.314_02000.png,0.5109750566893424,0.8677160840481641
397,rd_out/ish/ws20-bs20_hq_A0.0700_C0.072-A0.0700_C0.297,rd_out/ish/ws20-bs20_hq_A0.0700_C0.072-A0.0700_C0.297_02000.png,0.48928004535147396,0.7940997792921629
398,rd_out/ish/ws20-bs20_hq_A0.0700_C0.072-A0.0700_C0.331,rd_out/ish/ws20-bs20_hq_A0.0700_C0.072-A0.0700_C0.331_02000.png,0.5221145124716553,0.8494657031016747
399,rd_out/ish/ws20-bs20_hq_A0.0700_C0.072-A0.0700_C0.366,rd_out/ish/ws20-bs20_hq_A0.0700_C0.072-A0.0700_C0.366_02000.png,0.5544954648526077,0.8183806403798939
