,file_base,png_file_q,A,C,lightness,complexity
0,rd_out/uni/MB_1_A0.1062_C-0.100,rd_out/uni/MB_1_A0.1062_C-0.100_02000.png,0.10620689655172416,-0.1,0.0024603174603174604,0.15141878842948986
1,rd_out/uni/MB_1_A0.1086_C-0.100,rd_out/uni/MB_1_A0.1086_C-0.100_02000.png,0.10862068965517242,-0.1,0.0058333333333333345,0.15959257796599513
2,rd_out/uni/MB_1_A0.1110_C-0.100,rd_out/uni/MB_1_A0.1110_C-0.100_02000.png,0.1110344827586207,-0.1,0.04032879818594105,0.17117364011292058
3,rd_out/uni/MB_1_A0.1134_C-0.100,rd_out/uni/MB_1_A0.1134_C-0.100_02000.png,0.11344827586206895,-0.1,0.05725056689342404,0.18487683371191432
4,rd_out/uni/MB_1_A0.1159_C-0.100,rd_out/uni/MB_1_A0.1159_C-0.100_02000.png,0.11586206896551725,-0.1,0.09038548752834467,0.18896630235081333
5,rd_out/uni/MB_1_A0.1183_C-0.100,rd_out/uni/MB_1_A0.1183_C-0.100_02000.png,0.11827586206896552,-0.1,0.15421201814058955,0.2234552498116481
6,rd_out/uni/MB_1_A0.1207_C-0.100,rd_out/uni/MB_1_A0.1207_C-0.100_02000.png,0.1206896551724138,-0.1,0.20136621315192746,0.2928197027630707
7,rd_out/uni/MB_1_A0.1231_C-0.100,rd_out/uni/MB_1_A0.1231_C-0.100_02000.png,0.12310344827586207,-0.1,0.2616893424036281,0.3566085035145085
8,rd_out/uni/MB_1_A0.1255_C-0.100,rd_out/uni/MB_1_A0.1255_C-0.100_02000.png,0.12551724137931036,-0.1,0.2840816326530612,0.43854108656888136
9,rd_out/uni/MB_1_A0.1279_C-0.100,rd_out/uni/MB_1_A0.1279_C-0.100_02000.png,0.12793103448275864,-0.1,0.3204931972789116,0.4842334371532669
10,rd_out/uni/MB_1_A0.1303_C-0.100,rd_out/uni/MB_1_A0.1303_C-0.100_02000.png,0.1303448275862069,-0.1,0.3525453514739229,0.5384812689135391
11,rd_out/uni/MB_1_A0.1328_C-0.100,rd_out/uni/MB_1_A0.1328_C-0.100_02000.png,0.1327586206896552,-0.1,0.3886054421768708,0.7158656074337721
12,rd_out/uni/MB_1_A0.1352_C-0.100,rd_out/uni/MB_1_A0.1352_C-0.100_02000.png,0.13517241379310346,-0.1,0.4049092970521542,0.7517038307930659
13,rd_out/uni/MB_1_A0.1376_C-0.100,rd_out/uni/MB_1_A0.1376_C-0.100_02000.png,0.13758620689655174,-0.1,0.4514569160997732,0.7880401014728694
14,rd_out/uni/MB_1_A0.1400_C-0.100,rd_out/uni/MB_1_A0.1400_C-0.100_02000.png,0.14,-0.1,0.4593424036281179,0.8256135273985498
15,rd_out/uni/MB_1_A0.1038_C-0.083,rd_out/uni/MB_1_A0.1038_C-0.083_02000.png,0.10379310344827587,-0.08275862068965517,0.007125850340136054,0.13765461102048748
16,rd_out/uni/MB_1_A0.1062_C-0.083,rd_out/uni/MB_1_A0.1062_C-0.083_02000.png,0.10620689655172416,-0.08275862068965517,0.0514172335600907,0.147617189927995
17,rd_out/uni/MB_1_A0.1086_C-0.083,rd_out/uni/MB_1_A0.1086_C-0.083_02000.png,0.10862068965517242,-0.08275862068965517,0.10047052154195013,0.19480753628860906
18,rd_out/uni/MB_1_A0.1110_C-0.083,rd_out/uni/MB_1_A0.1110_C-0.083_02000.png,0.1110344827586207,-0.08275862068965517,0.14908730158730155,0.19966555920615647
19,rd_out/uni/MB_1_A0.1134_C-0.083,rd_out/uni/MB_1_A0.1134_C-0.083_02000.png,0.11344827586206895,-0.08275862068965517,0.202375283446712,0.25976877840592616
20,rd_out/uni/MB_1_A0.1159_C-0.083,rd_out/uni/MB_1_A0.1159_C-0.083_02000.png,0.11586206896551725,-0.08275862068965517,0.2379308390022676,0.3025296770647469
21,rd_out/uni/MB_1_A0.1183_C-0.083,rd_out/uni/MB_1_A0.1183_C-0.083_02000.png,0.11827586206896552,-0.08275862068965517,0.2663265306122449,0.34610457086088586
22,rd_out/uni/MB_1_A0.1207_C-0.083,rd_out/uni/MB_1_A0.1207_C-0.083_02000.png,0.1206896551724138,-0.08275862068965517,0.2995124716553288,0.4290750049460651
23,rd_out/uni/MB_1_A0.1231_C-0.083,rd_out/uni/MB_1_A0.1231_C-0.083_02000.png,0.12310344827586207,-0.08275862068965517,0.3222165532879819,0.4668037494012013
24,rd_out/uni/MB_1_A0.1255_C-0.083,rd_out/uni/MB_1_A0.1255_C-0.083_02000.png,0.12551724137931036,-0.08275862068965517,0.3462244897959184,0.5007543918775437
25,rd_out/uni/MB_1_A0.1279_C-0.083,rd_out/uni/MB_1_A0.1279_C-0.083_02000.png,0.12793103448275864,-0.08275862068965517,0.3749546485260771,0.6303903162398763
26,rd_out/uni/MB_1_A0.1303_C-0.083,rd_out/uni/MB_1_A0.1303_C-0.083_02000.png,0.1303448275862069,-0.08275862068965517,0.40760204081632656,0.6679223219789763
27,rd_out/uni/MB_1_A0.1328_C-0.083,rd_out/uni/MB_1_A0.1328_C-0.083_02000.png,0.1327586206896552,-0.08275862068965517,0.4293424036281179,0.6767807271326026
28,rd_out/uni/MB_1_A0.1352_C-0.083,rd_out/uni/MB_1_A0.1352_C-0.083_02000.png,0.13517241379310346,-0.08275862068965517,0.468843537414966,0.7749857172122184
29,rd_out/uni/MB_1_A0.1376_C-0.083,rd_out/uni/MB_1_A0.1376_C-0.083_02000.png,0.13758620689655174,-0.08275862068965517,0.4860714285714286,0.8357409503577267
30,rd_out/uni/MB_1_A0.1400_C-0.083,rd_out/uni/MB_1_A0.1400_C-0.083_02000.png,0.14,-0.08275862068965517,0.5239852607709751,0.8480874822175314
31,rd_out/uni/MB_1_A0.0990_C-0.066,rd_out/uni/MB_1_A0.0990_C-0.066_02000.png,0.09896551724137932,-0.06551724137931035,0.03123015873015873,0.19798050984063964
32,rd_out/uni/MB_1_A0.1014_C-0.066,rd_out/uni/MB_1_A0.1014_C-0.066_02000.png,0.1013793103448276,-0.06551724137931035,0.08870181405895691,0.16430205778741047
33,rd_out/uni/MB_1_A0.1038_C-0.066,rd_out/uni/MB_1_A0.1038_C-0.066_02000.png,0.10379310344827587,-0.06551724137931035,0.1433843537414966,0.19866756428932875
34,rd_out/uni/MB_1_A0.1062_C-0.066,rd_out/uni/MB_1_A0.1062_C-0.066_02000.png,0.10620689655172416,-0.06551724137931035,0.20483560090702949,0.21588849411665634
35,rd_out/uni/MB_1_A0.1086_C-0.066,rd_out/uni/MB_1_A0.1086_C-0.066_02000.png,0.10862068965517242,-0.06551724137931035,0.2188265306122449,0.2209853820383133
36,rd_out/uni/MB_1_A0.1110_C-0.066,rd_out/uni/MB_1_A0.1110_C-0.066_02000.png,0.1110344827586207,-0.06551724137931035,0.2613888888888889,0.3215955362826213
37,rd_out/uni/MB_1_A0.1134_C-0.066,rd_out/uni/MB_1_A0.1134_C-0.066_02000.png,0.11344827586206895,-0.06551724137931035,0.28536281179138323,0.32755632307492466
38,rd_out/uni/MB_1_A0.1159_C-0.066,rd_out/uni/MB_1_A0.1159_C-0.066_02000.png,0.11586206896551725,-0.06551724137931035,0.3012641723356009,0.3278536692372109
39,rd_out/uni/MB_1_A0.1183_C-0.066,rd_out/uni/MB_1_A0.1183_C-0.066_02000.png,0.11827586206896552,-0.06551724137931035,0.3328968253968254,0.4551108854618956
40,rd_out/uni/MB_1_A0.1207_C-0.066,rd_out/uni/MB_1_A0.1207_C-0.066_02000.png,0.1206896551724138,-0.06551724137931035,0.351609977324263,0.5531781514996674
41,rd_out/uni/MB_1_A0.1231_C-0.066,rd_out/uni/MB_1_A0.1231_C-0.066_02000.png,0.12310344827586207,-0.06551724137931035,0.3894387755102041,0.5799220211282246
42,rd_out/uni/MB_1_A0.1255_C-0.066,rd_out/uni/MB_1_A0.1255_C-0.066_02000.png,0.12551724137931036,-0.06551724137931035,0.3995804988662132,0.6935830890310735
43,rd_out/uni/MB_1_A0.1279_C-0.066,rd_out/uni/MB_1_A0.1279_C-0.066_02000.png,0.12793103448275864,-0.06551724137931035,0.4291893424036281,0.7041930349008481
44,rd_out/uni/MB_1_A0.1303_C-0.066,rd_out/uni/MB_1_A0.1303_C-0.066_02000.png,0.1303448275862069,-0.06551724137931035,0.464172335600907,0.7404662237571017
45,rd_out/uni/MB_1_A0.1328_C-0.066,rd_out/uni/MB_1_A0.1328_C-0.066_02000.png,0.1327586206896552,-0.06551724137931035,0.4692913832199546,0.7549335625720663
46,rd_out/uni/MB_1_A0.1352_C-0.066,rd_out/uni/MB_1_A0.1352_C-0.066_02000.png,0.13517241379310346,-0.06551724137931035,0.5127834467120181,0.8463715891758772
47,rd_out/uni/MB_1_A0.1376_C-0.066,rd_out/uni/MB_1_A0.1376_C-0.066_02000.png,0.13758620689655174,-0.06551724137931035,0.546014739229025,0.7650426613486535
48,rd_out/uni/MB_1_A0.1400_C-0.066,rd_out/uni/MB_1_A0.1400_C-0.066_02000.png,0.14,-0.06551724137931035,0.5652097505668935,0.7608667968900058
49,rd_out/uni/MB_1_A0.0917_C-0.048,rd_out/uni/MB_1_A0.0917_C-0.048_02000.png,0.09172413793103447,-0.04827586206896552,0.027647392290249432,0.15728193223899326
50,rd_out/uni/MB_1_A0.0941_C-0.048,rd_out/uni/MB_1_A0.0941_C-0.048_02000.png,0.09413793103448276,-0.04827586206896552,0.08705215419501132,0.16693597533091953
51,rd_out/uni/MB_1_A0.0966_C-0.048,rd_out/uni/MB_1_A0.0966_C-0.048_02000.png,0.09655172413793103,-0.04827586206896552,0.1521031746031746,0.16578204817170838
52,rd_out/uni/MB_1_A0.0990_C-0.048,rd_out/uni/MB_1_A0.0990_C-0.048_02000.png,0.09896551724137932,-0.04827586206896552,0.19665532879818595,0.20118405022791894
53,rd_out/uni/MB_1_A0.1014_C-0.048,rd_out/uni/MB_1_A0.1014_C-0.048_02000.png,0.1013793103448276,-0.04827586206896552,0.2262358276643991,0.2318583811717755
54,rd_out/uni/MB_1_A0.1038_C-0.048,rd_out/uni/MB_1_A0.1038_C-0.048_02000.png,0.10379310344827587,-0.04827586206896552,0.2531179138321996,0.2561246607465465
55,rd_out/uni/MB_1_A0.1062_C-0.048,rd_out/uni/MB_1_A0.1062_C-0.048_02000.png,0.10620689655172416,-0.04827586206896552,0.29715986394557825,0.3808349759826708
56,rd_out/uni/MB_1_A0.1086_C-0.048,rd_out/uni/MB_1_A0.1086_C-0.048_02000.png,0.10862068965517242,-0.04827586206896552,0.3087925170068027,0.4044481250417276
57,rd_out/uni/MB_1_A0.1110_C-0.048,rd_out/uni/MB_1_A0.1110_C-0.048_02000.png,0.1110344827586207,-0.04827586206896552,0.31780045351473923,0.3626076369246556
58,rd_out/uni/MB_1_A0.1134_C-0.048,rd_out/uni/MB_1_A0.1134_C-0.048_02000.png,0.11344827586206895,-0.04827586206896552,0.3358390022675737,0.4596149264792814
59,rd_out/uni/MB_1_A0.1159_C-0.048,rd_out/uni/MB_1_A0.1159_C-0.048_02000.png,0.11586206896551725,-0.04827586206896552,0.3567063492063492,0.5527989088606924
60,rd_out/uni/MB_1_A0.1183_C-0.048,rd_out/uni/MB_1_A0.1183_C-0.048_02000.png,0.11827586206896552,-0.04827586206896552,0.377687074829932,0.5323250647991844
61,rd_out/uni/MB_1_A0.1207_C-0.048,rd_out/uni/MB_1_A0.1207_C-0.048_02000.png,0.1206896551724138,-0.04827586206896552,0.405249433106576,0.5806498402196147
62,rd_out/uni/MB_1_A0.1231_C-0.048,rd_out/uni/MB_1_A0.1231_C-0.048_02000.png,0.12310344827586207,-0.04827586206896552,0.4272902494331066,0.6896812508905356
63,rd_out/uni/MB_1_A0.1255_C-0.048,rd_out/uni/MB_1_A0.1255_C-0.048_02000.png,0.12551724137931036,-0.04827586206896552,0.4607426303854875,0.8296683131267187
64,rd_out/uni/MB_1_A0.1279_C-0.048,rd_out/uni/MB_1_A0.1279_C-0.048_02000.png,0.12793103448275864,-0.04827586206896552,0.4737018140589569,0.7599815770246049
65,rd_out/uni/MB_1_A0.1303_C-0.048,rd_out/uni/MB_1_A0.1303_C-0.048_02000.png,0.1303448275862069,-0.04827586206896552,0.4909410430839002,0.8347069518447401
66,rd_out/uni/MB_1_A0.1328_C-0.048,rd_out/uni/MB_1_A0.1328_C-0.048_02000.png,0.1327586206896552,-0.04827586206896552,0.5285997732426304,0.7873859247284677
67,rd_out/uni/MB_1_A0.1352_C-0.048,rd_out/uni/MB_1_A0.1352_C-0.048_02000.png,0.13517241379310346,-0.04827586206896552,0.5601360544217687,0.7499824109761797
68,rd_out/uni/MB_1_A0.1376_C-0.048,rd_out/uni/MB_1_A0.1376_C-0.048_02000.png,0.13758620689655174,-0.04827586206896552,0.6118140589569161,0.6692948603686306
69,rd_out/uni/MB_1_A0.1400_C-0.048,rd_out/uni/MB_1_A0.1400_C-0.048_02000.png,0.14,-0.04827586206896552,0.6421145124716554,0.6277451915481571
70,rd_out/uni/MB_1_A0.0821_C-0.031,rd_out/uni/MB_1_A0.0821_C-0.031_02000.png,0.08206896551724137,-0.031034482758620693,0.006819727891156461,0.11490145241940974
71,rd_out/uni/MB_1_A0.0845_C-0.031,rd_out/uni/MB_1_A0.0845_C-0.031_02000.png,0.08448275862068966,-0.031034482758620693,0.0677437641723356,0.13565083620928695
72,rd_out/uni/MB_1_A0.0869_C-0.031,rd_out/uni/MB_1_A0.0869_C-0.031_02000.png,0.08689655172413792,-0.031034482758620693,0.1267517006802721,0.14733056014064771
73,rd_out/uni/MB_1_A0.0893_C-0.031,rd_out/uni/MB_1_A0.0893_C-0.031_02000.png,0.08931034482758621,-0.031034482758620693,0.16952380952380952,0.17302044067070832
74,rd_out/uni/MB_1_A0.0917_C-0.031,rd_out/uni/MB_1_A0.0917_C-0.031_02000.png,0.09172413793103447,-0.031034482758620693,0.21185374149659866,0.24755645440317864
75,rd_out/uni/MB_1_A0.0941_C-0.031,rd_out/uni/MB_1_A0.0941_C-0.031_02000.png,0.09413793103448276,-0.031034482758620693,0.2136394557823129,0.2354994180025653
76,rd_out/uni/MB_1_A0.0966_C-0.031,rd_out/uni/MB_1_A0.0966_C-0.031_02000.png,0.09655172413793103,-0.031034482758620693,0.25017573696145123,0.24412886061492176
77,rd_out/uni/MB_1_A0.0990_C-0.031,rd_out/uni/MB_1_A0.0990_C-0.031_02000.png,0.09896551724137932,-0.031034482758620693,0.2671485260770975,0.2349898528737677
78,rd_out/uni/MB_1_A0.1014_C-0.031,rd_out/uni/MB_1_A0.1014_C-0.031_02000.png,0.1013793103448276,-0.031034482758620693,0.2928911564625851,0.3564843761930814
79,rd_out/uni/MB_1_A0.1038_C-0.031,rd_out/uni/MB_1_A0.1038_C-0.031_02000.png,0.10379310344827587,-0.031034482758620693,0.3136848072562358,0.3977776106682277
80,rd_out/uni/MB_1_A0.1062_C-0.031,rd_out/uni/MB_1_A0.1062_C-0.031_02000.png,0.10620689655172416,-0.031034482758620693,0.33593537414965985,0.4238363537221024
81,rd_out/uni/MB_1_A0.1086_C-0.031,rd_out/uni/MB_1_A0.1086_C-0.031_02000.png,0.10862068965517242,-0.031034482758620693,0.34598639455782315,0.4751024402898944
82,rd_out/uni/MB_1_A0.1110_C-0.031,rd_out/uni/MB_1_A0.1110_C-0.031_02000.png,0.1110344827586207,-0.031034482758620693,0.3623696145124717,0.5094159760165986
83,rd_out/uni/MB_1_A0.1134_C-0.031,rd_out/uni/MB_1_A0.1134_C-0.031_02000.png,0.11344827586206895,-0.031034482758620693,0.3783956916099773,0.5658080535865608
84,rd_out/uni/MB_1_A0.1159_C-0.031,rd_out/uni/MB_1_A0.1159_C-0.031_02000.png,0.11586206896551725,-0.031034482758620693,0.4070975056689342,0.5780412375135093
85,rd_out/uni/MB_1_A0.1183_C-0.031,rd_out/uni/MB_1_A0.1183_C-0.031_02000.png,0.11827586206896552,-0.031034482758620693,0.4255895691609977,0.7126655811679794
86,rd_out/uni/MB_1_A0.1207_C-0.031,rd_out/uni/MB_1_A0.1207_C-0.031_02000.png,0.1206896551724138,-0.031034482758620693,0.4509297052154195,0.8103040116472591
87,rd_out/uni/MB_1_A0.1231_C-0.031,rd_out/uni/MB_1_A0.1231_C-0.031_02000.png,0.12310344827586207,-0.031034482758620693,0.4703628117913832,0.8565481068968056
88,rd_out/uni/MB_1_A0.1255_C-0.031,rd_out/uni/MB_1_A0.1255_C-0.031_02000.png,0.12551724137931036,-0.031034482758620693,0.4958673469387755,0.8506125449515077
89,rd_out/uni/MB_1_A0.1279_C-0.031,rd_out/uni/MB_1_A0.1279_C-0.031_02000.png,0.12793103448275864,-0.031034482758620693,0.5329195011337868,0.7661661466138214
90,rd_out/uni/MB_1_A0.1303_C-0.031,rd_out/uni/MB_1_A0.1303_C-0.031_02000.png,0.1303448275862069,-0.031034482758620693,0.5613718820861678,0.7267111503524059
91,rd_out/uni/MB_1_A0.1328_C-0.031,rd_out/uni/MB_1_A0.1328_C-0.031_02000.png,0.1327586206896552,-0.031034482758620693,0.5916099773242629,0.600072575112359
92,rd_out/uni/MB_1_A0.1352_C-0.031,rd_out/uni/MB_1_A0.1352_C-0.031_02000.png,0.13517241379310346,-0.031034482758620693,0.6263718820861678,0.6355726592453435
93,rd_out/uni/MB_1_A0.1376_C-0.031,rd_out/uni/MB_1_A0.1376_C-0.031_02000.png,0.13758620689655174,-0.031034482758620693,0.6665759637188209,0.578366286754156
94,rd_out/uni/MB_1_A0.1400_C-0.031,rd_out/uni/MB_1_A0.1400_C-0.031_02000.png,0.14,-0.031034482758620693,0.696422902494331,0.576855157243011
95,rd_out/uni/MB_1_A0.0700_C-0.014,rd_out/uni/MB_1_A0.0700_C-0.014_02000.png,0.07,-0.013793103448275862,0.12485260770975055,0.14289409456494107
96,rd_out/uni/MB_1_A0.0724_C-0.014,rd_out/uni/MB_1_A0.0724_C-0.014_02000.png,0.07241379310344828,-0.013793103448275862,0.13708616780045352,0.1280817751191885
97,rd_out/uni/MB_1_A0.0748_C-0.014,rd_out/uni/MB_1_A0.0748_C-0.014_02000.png,0.07482758620689656,-0.013793103448275862,0.14958049886621316,0.13567783656807342
98,rd_out/uni/MB_1_A0.0772_C-0.014,rd_out/uni/MB_1_A0.0772_C-0.014_02000.png,0.07724137931034482,-0.013793103448275862,0.16370748299319726,0.13168446037931414
99,rd_out/uni/MB_1_A0.0797_C-0.014,rd_out/uni/MB_1_A0.0797_C-0.014_02000.png,0.07965517241379311,-0.013793103448275862,0.1791269841269841,0.13722195209181265
100,rd_out/uni/MB_1_A0.0821_C-0.014,rd_out/uni/MB_1_A0.0821_C-0.014_02000.png,0.08206896551724137,-0.013793103448275862,0.19113945578231287,0.14129697133713193
101,rd_out/uni/MB_1_A0.0845_C-0.014,rd_out/uni/MB_1_A0.0845_C-0.014_02000.png,0.08448275862068966,-0.013793103448275862,0.2020578231292517,0.17339334155609964
102,rd_out/uni/MB_1_A0.0869_C-0.014,rd_out/uni/MB_1_A0.0869_C-0.014_02000.png,0.08689655172413792,-0.013793103448275862,0.2140532879818594,0.1671696672160088
103,rd_out/uni/MB_1_A0.0893_C-0.014,rd_out/uni/MB_1_A0.0893_C-0.014_02000.png,0.08931034482758621,-0.013793103448275862,0.2311904761904762,0.1925371512929613
104,rd_out/uni/MB_1_A0.0917_C-0.014,rd_out/uni/MB_1_A0.0917_C-0.014_02000.png,0.09172413793103447,-0.013793103448275862,0.2520918367346939,0.2859360019900403
105,rd_out/uni/MB_1_A0.0941_C-0.014,rd_out/uni/MB_1_A0.0941_C-0.014_02000.png,0.09413793103448276,-0.013793103448275862,0.2766609977324263,0.3250787166550587
106,rd_out/uni/MB_1_A0.0966_C-0.014,rd_out/uni/MB_1_A0.0966_C-0.014_02000.png,0.09655172413793103,-0.013793103448275862,0.2903231292517007,0.33572533152145145
107,rd_out/uni/MB_1_A0.0990_C-0.014,rd_out/uni/MB_1_A0.0990_C-0.014_02000.png,0.09896551724137932,-0.013793103448275862,0.31405328798185944,0.4544126151657673
108,rd_out/uni/MB_1_A0.1014_C-0.014,rd_out/uni/MB_1_A0.1014_C-0.014_02000.png,0.1013793103448276,-0.013793103448275862,0.32629251700680273,0.3776236263999201
109,rd_out/uni/MB_1_A0.1038_C-0.014,rd_out/uni/MB_1_A0.1038_C-0.014_02000.png,0.10379310344827587,-0.013793103448275862,0.3499603174603175,0.4139636481226079
110,rd_out/uni/MB_1_A0.1062_C-0.014,rd_out/uni/MB_1_A0.1062_C-0.014_02000.png,0.10620689655172416,-0.013793103448275862,0.3732596371882087,0.5725059027223359
111,rd_out/uni/MB_1_A0.1086_C-0.014,rd_out/uni/MB_1_A0.1086_C-0.014_02000.png,0.10862068965517242,-0.013793103448275862,0.3866723356009071,0.4997212378402965
112,rd_out/uni/MB_1_A0.1110_C-0.014,rd_out/uni/MB_1_A0.1110_C-0.014_02000.png,0.1110344827586207,-0.013793103448275862,0.3988888888888889,0.6187409125682715
113,rd_out/uni/MB_1_A0.1134_C-0.014,rd_out/uni/MB_1_A0.1134_C-0.014_02000.png,0.11344827586206895,-0.013793103448275862,0.4221145124716553,0.5555565428867643
114,rd_out/uni/MB_1_A0.1159_C-0.014,rd_out/uni/MB_1_A0.1159_C-0.014_02000.png,0.11586206896551725,-0.013793103448275862,0.4519160997732426,0.7172952301504786
115,rd_out/uni/MB_1_A0.1183_C-0.014,rd_out/uni/MB_1_A0.1183_C-0.014_02000.png,0.11827586206896552,-0.013793103448275862,0.4689115646258504,0.6998011215730996
116,rd_out/uni/MB_1_A0.1207_C-0.014,rd_out/uni/MB_1_A0.1207_C-0.014_02000.png,0.1206896551724138,-0.013793103448275862,0.4779081632653062,0.8297562129932615
117,rd_out/uni/MB_1_A0.1231_C-0.014,rd_out/uni/MB_1_A0.1231_C-0.014_02000.png,0.12310344827586207,-0.013793103448275862,0.5215759637188209,0.8293052493018411
118,rd_out/uni/MB_1_A0.1255_C-0.014,rd_out/uni/MB_1_A0.1255_C-0.014_02000.png,0.12551724137931036,-0.013793103448275862,0.5425113378684807,0.7658036533467052
119,rd_out/uni/MB_1_A0.1279_C-0.014,rd_out/uni/MB_1_A0.1279_C-0.014_02000.png,0.12793103448275864,-0.013793103448275862,0.5807653061224489,0.7378237477569092
120,rd_out/uni/MB_1_A0.1303_C-0.014,rd_out/uni/MB_1_A0.1303_C-0.014_02000.png,0.1303448275862069,-0.013793103448275862,0.6048299319727891,0.7078530763802671
121,rd_out/uni/MB_1_A0.1328_C-0.014,rd_out/uni/MB_1_A0.1328_C-0.014_02000.png,0.1327586206896552,-0.013793103448275862,0.6637358276643991,0.5748439719292915
122,rd_out/uni/MB_1_A0.1352_C-0.014,rd_out/uni/MB_1_A0.1352_C-0.014_02000.png,0.13517241379310346,-0.013793103448275862,0.6965702947845805,0.5030565936660183
123,rd_out/uni/MB_1_A0.1376_C-0.014,rd_out/uni/MB_1_A0.1376_C-0.014_02000.png,0.13758620689655174,-0.013793103448275862,0.7439002267573697,0.447491815662601
124,rd_out/uni/MB_1_A0.1400_C-0.014,rd_out/uni/MB_1_A0.1400_C-0.014_02000.png,0.14,-0.013793103448275862,0.7943934240362812,0.3579938315565424
125,rd_out/uni/MB_1_A0.0700_C0.003,rd_out/uni/MB_1_A0.0700_C0.003_02000.png,0.07,0.0034482758620689585,0.21764172335600904,0.1978456878692836
126,rd_out/uni/MB_1_A0.0724_C0.003,rd_out/uni/MB_1_A0.0724_C0.003_02000.png,0.07241379310344828,0.0034482758620689585,0.19873015873015876,0.14002733233783604
127,rd_out/uni/MB_1_A0.0748_C0.003,rd_out/uni/MB_1_A0.0748_C0.003_02000.png,0.07482758620689656,0.0034482758620689585,0.20594104308390024,0.1395047989407322
128,rd_out/uni/MB_1_A0.0772_C0.003,rd_out/uni/MB_1_A0.0772_C0.003_02000.png,0.07724137931034482,0.0034482758620689585,0.2066950113378685,0.14638645984841936
129,rd_out/uni/MB_1_A0.0797_C0.003,rd_out/uni/MB_1_A0.0797_C0.003_02000.png,0.07965517241379311,0.0034482758620689585,0.229812925170068,0.14253088728926555
130,rd_out/uni/MB_1_A0.0821_C0.003,rd_out/uni/MB_1_A0.0821_C0.003_02000.png,0.08206896551724137,0.0034482758620689585,0.23098639455782316,0.1486866041137619
131,rd_out/uni/MB_1_A0.0845_C0.003,rd_out/uni/MB_1_A0.0845_C0.003_02000.png,0.08448275862068966,0.0034482758620689585,0.2396825396825397,0.1746132702985871
132,rd_out/uni/MB_1_A0.0869_C0.003,rd_out/uni/MB_1_A0.0869_C0.003_02000.png,0.08689655172413792,0.0034482758620689585,0.2527040816326531,0.1719831942778437
133,rd_out/uni/MB_1_A0.0893_C0.003,rd_out/uni/MB_1_A0.0893_C0.003_02000.png,0.08931034482758621,0.0034482758620689585,0.2675453514739229,0.22364179774036552
134,rd_out/uni/MB_1_A0.0917_C0.003,rd_out/uni/MB_1_A0.0917_C0.003_02000.png,0.09172413793103447,0.0034482758620689585,0.2919671201814059,0.2974815690205304
135,rd_out/uni/MB_1_A0.0941_C0.003,rd_out/uni/MB_1_A0.0941_C0.003_02000.png,0.09413793103448276,0.0034482758620689585,0.3153684807256236,0.3385252908266652
136,rd_out/uni/MB_1_A0.0966_C0.003,rd_out/uni/MB_1_A0.0966_C0.003_02000.png,0.09655172413793103,0.0034482758620689585,0.3342743764172335,0.4041840659855637
137,rd_out/uni/MB_1_A0.0990_C0.003,rd_out/uni/MB_1_A0.0990_C0.003_02000.png,0.09896551724137932,0.0034482758620689585,0.3465532879818594,0.3665880893590108
138,rd_out/uni/MB_1_A0.1014_C0.003,rd_out/uni/MB_1_A0.1014_C0.003_02000.png,0.1013793103448276,0.0034482758620689585,0.3603401360544218,0.4355475263366804
139,rd_out/uni/MB_1_A0.1038_C0.003,rd_out/uni/MB_1_A0.1038_C0.003_02000.png,0.10379310344827587,0.0034482758620689585,0.3910090702947846,0.4663806237397248
140,rd_out/uni/MB_1_A0.1062_C0.003,rd_out/uni/MB_1_A0.1062_C0.003_02000.png,0.10620689655172416,0.0034482758620689585,0.4069501133786848,0.4916360777267094
141,rd_out/uni/MB_1_A0.1086_C0.003,rd_out/uni/MB_1_A0.1086_C0.003_02000.png,0.10862068965517242,0.0034482758620689585,0.4225,0.6204850136990743
142,rd_out/uni/MB_1_A0.1110_C0.003,rd_out/uni/MB_1_A0.1110_C0.003_02000.png,0.1110344827586207,0.0034482758620689585,0.4586167800453514,0.7375811187325072
143,rd_out/uni/MB_1_A0.1134_C0.003,rd_out/uni/MB_1_A0.1134_C0.003_02000.png,0.11344827586206895,0.0034482758620689585,0.4691043083900227,0.8391486967465264
144,rd_out/uni/MB_1_A0.1159_C0.003,rd_out/uni/MB_1_A0.1159_C0.003_02000.png,0.11586206896551725,0.0034482758620689585,0.4727891156462585,0.8198359650890757
145,rd_out/uni/MB_1_A0.1183_C0.003,rd_out/uni/MB_1_A0.1183_C0.003_02000.png,0.11827586206896552,0.0034482758620689585,0.5045068027210885,0.8253441902633767
146,rd_out/uni/MB_1_A0.1207_C0.003,rd_out/uni/MB_1_A0.1207_C0.003_02000.png,0.1206896551724138,0.0034482758620689585,0.5297675736961451,0.8105300757942142
147,rd_out/uni/MB_1_A0.1231_C0.003,rd_out/uni/MB_1_A0.1231_C0.003_02000.png,0.12310344827586207,0.0034482758620689585,0.5655952380952379,0.6883740636335896
148,rd_out/uni/MB_1_A0.1255_C0.003,rd_out/uni/MB_1_A0.1255_C0.003_02000.png,0.12551724137931036,0.0034482758620689585,0.5960147392290249,0.6171913226780051
149,rd_out/uni/MB_1_A0.1279_C0.003,rd_out/uni/MB_1_A0.1279_C0.003_02000.png,0.12793103448275864,0.0034482758620689585,0.6365702947845805,0.614353103593245
150,rd_out/uni/MB_1_A0.1303_C0.003,rd_out/uni/MB_1_A0.1303_C0.003_02000.png,0.1303448275862069,0.0034482758620689585,0.6922165532879818,0.4564758948447185
151,rd_out/uni/MB_1_A0.1328_C0.003,rd_out/uni/MB_1_A0.1328_C0.003_02000.png,0.1327586206896552,0.0034482758620689585,0.7421201814058958,0.4548874263075154
152,rd_out/uni/MB_1_A0.1352_C0.003,rd_out/uni/MB_1_A0.1352_C0.003_02000.png,0.13517241379310346,0.0034482758620689585,0.8028174603174604,0.4224737260466277
153,rd_out/uni/MB_1_A0.1376_C0.003,rd_out/uni/MB_1_A0.1376_C0.003_02000.png,0.13758620689655174,0.0034482758620689585,0.837874149659864,0.3976882432931812
154,rd_out/uni/MB_1_A0.1400_C0.003,rd_out/uni/MB_1_A0.1400_C0.003_02000.png,0.14,0.0034482758620689585,0.8999943310657597,0.3283306223794153
155,rd_out/uni/MB_1_A0.0700_C0.021,rd_out/uni/MB_1_A0.0700_C0.021_02000.png,0.07,0.020689655172413782,0.252624716553288,0.1930555932698853
156,rd_out/uni/MB_1_A0.0724_C0.021,rd_out/uni/MB_1_A0.0724_C0.021_02000.png,0.07241379310344828,0.020689655172413782,0.2353684807256236,0.13213226818872592
157,rd_out/uni/MB_1_A0.0748_C0.021,rd_out/uni/MB_1_A0.0748_C0.021_02000.png,0.07482758620689656,0.020689655172413782,0.2459183673469388,0.15486672858212658
158,rd_out/uni/MB_1_A0.0772_C0.021,rd_out/uni/MB_1_A0.0772_C0.021_02000.png,0.07724137931034482,0.020689655172413782,0.2392857142857143,0.14999017991802754
159,rd_out/uni/MB_1_A0.0797_C0.021,rd_out/uni/MB_1_A0.0797_C0.021_02000.png,0.07965517241379311,0.020689655172413782,0.25089002267573696,0.14993755640648732
160,rd_out/uni/MB_1_A0.0821_C0.021,rd_out/uni/MB_1_A0.0821_C0.021_02000.png,0.08206896551724137,0.020689655172413782,0.2607482993197279,0.16855939430183264
161,rd_out/uni/MB_1_A0.0845_C0.021,rd_out/uni/MB_1_A0.0845_C0.021_02000.png,0.08448275862068966,0.020689655172413782,0.2689399092970521,0.1587394967028748
162,rd_out/uni/MB_1_A0.0869_C0.021,rd_out/uni/MB_1_A0.0869_C0.021_02000.png,0.08689655172413792,0.020689655172413782,0.28557823129251697,0.25549516883548506
163,rd_out/uni/MB_1_A0.0893_C0.021,rd_out/uni/MB_1_A0.0893_C0.021_02000.png,0.08931034482758621,0.020689655172413782,0.3122278911564626,0.25613305471667336
164,rd_out/uni/MB_1_A0.0917_C0.021,rd_out/uni/MB_1_A0.0917_C0.021_02000.png,0.09172413793103447,0.020689655172413782,0.3233956916099773,0.3201522018264165
165,rd_out/uni/MB_1_A0.0941_C0.021,rd_out/uni/MB_1_A0.0941_C0.021_02000.png,0.09413793103448276,0.020689655172413782,0.3540646258503401,0.381585000681914
166,rd_out/uni/MB_1_A0.0966_C0.021,rd_out/uni/MB_1_A0.0966_C0.021_02000.png,0.09655172413793103,0.020689655172413782,0.3811281179138322,0.4889637025213141
167,rd_out/uni/MB_1_A0.0990_C0.021,rd_out/uni/MB_1_A0.0990_C0.021_02000.png,0.09896551724137932,0.020689655172413782,0.3845861678004535,0.5000262148399266
168,rd_out/uni/MB_1_A0.1014_C0.021,rd_out/uni/MB_1_A0.1014_C0.021_02000.png,0.1013793103448276,0.020689655172413782,0.41321428571428576,0.5938611135332872
169,rd_out/uni/MB_1_A0.1038_C0.021,rd_out/uni/MB_1_A0.1038_C0.021_02000.png,0.10379310344827587,0.020689655172413782,0.4133616780045352,0.5818606107650489
170,rd_out/uni/MB_1_A0.1062_C0.021,rd_out/uni/MB_1_A0.1062_C0.021_02000.png,0.10620689655172416,0.020689655172413782,0.4408843537414966,0.6613416299112392
171,rd_out/uni/MB_1_A0.1086_C0.021,rd_out/uni/MB_1_A0.1086_C0.021_02000.png,0.10862068965517242,0.020689655172413782,0.4616893424036281,0.7487276018427881
172,rd_out/uni/MB_1_A0.1110_C0.021,rd_out/uni/MB_1_A0.1110_C0.021_02000.png,0.1110344827586207,0.020689655172413782,0.4788321995464853,0.7213650497746374
173,rd_out/uni/MB_1_A0.1134_C0.021,rd_out/uni/MB_1_A0.1134_C0.021_02000.png,0.11344827586206895,0.020689655172413782,0.50218820861678,0.7618368597755893
174,rd_out/uni/MB_1_A0.1159_C0.021,rd_out/uni/MB_1_A0.1159_C0.021_02000.png,0.11586206896551725,0.020689655172413782,0.5136621315192744,0.8589302281306146
175,rd_out/uni/MB_1_A0.1183_C0.021,rd_out/uni/MB_1_A0.1183_C0.021_02000.png,0.11827586206896552,0.020689655172413782,0.5396371882086167,0.8068070853164997
176,rd_out/uni/MB_1_A0.1207_C0.021,rd_out/uni/MB_1_A0.1207_C0.021_02000.png,0.1206896551724138,0.020689655172413782,0.5726643990929705,0.6565978449271909
177,rd_out/uni/MB_1_A0.1231_C0.021,rd_out/uni/MB_1_A0.1231_C0.021_02000.png,0.12310344827586207,0.020689655172413782,0.6166213151927438,0.7758314683784961
178,rd_out/uni/MB_1_A0.1255_C0.021,rd_out/uni/MB_1_A0.1255_C0.021_02000.png,0.12551724137931036,0.020689655172413782,0.6518197278911565,0.5823225580980788
179,rd_out/uni/MB_1_A0.1279_C0.021,rd_out/uni/MB_1_A0.1279_C0.021_02000.png,0.12793103448275864,0.020689655172413782,0.7385430839002267,0.4425312444531224
180,rd_out/uni/MB_1_A0.1303_C0.021,rd_out/uni/MB_1_A0.1303_C0.021_02000.png,0.1303448275862069,0.020689655172413782,0.8077607709750567,0.3342826478633383
181,rd_out/uni/MB_1_A0.1328_C0.021,rd_out/uni/MB_1_A0.1328_C0.021_02000.png,0.1327586206896552,0.020689655172413782,0.8326700680272109,0.2999305029900537
182,rd_out/uni/MB_1_A0.1352_C0.021,rd_out/uni/MB_1_A0.1352_C0.021_02000.png,0.13517241379310346,0.020689655172413782,0.8978741496598639,0.3095270073204498
183,rd_out/uni/MB_1_A0.1376_C0.021,rd_out/uni/MB_1_A0.1376_C0.021_02000.png,0.13758620689655174,0.020689655172413782,0.9320578231292516,0.30245110100533146
184,rd_out/uni/MB_1_A0.1400_C0.021,rd_out/uni/MB_1_A0.1400_C0.021_02000.png,0.14,0.020689655172413782,0.9472505668934241,0.3703726391579737
185,rd_out/uni/MB_1_A0.0700_C0.038,rd_out/uni/MB_1_A0.0700_C0.038_02000.png,0.07,0.03793103448275861,0.2702380952380953,0.21368210923628328
186,rd_out/uni/MB_1_A0.0724_C0.038,rd_out/uni/MB_1_A0.0724_C0.038_02000.png,0.07241379310344828,0.03793103448275861,0.2637131519274376,0.18082114341872768
187,rd_out/uni/MB_1_A0.0748_C0.038,rd_out/uni/MB_1_A0.0748_C0.038_02000.png,0.07482758620689656,0.03793103448275861,0.2690362811791383,0.17304076783018896
188,rd_out/uni/MB_1_A0.0772_C0.038,rd_out/uni/MB_1_A0.0772_C0.038_02000.png,0.07724137931034482,0.03793103448275861,0.2756519274376417,0.15372598962769946
189,rd_out/uni/MB_1_A0.0797_C0.038,rd_out/uni/MB_1_A0.0797_C0.038_02000.png,0.07965517241379311,0.03793103448275861,0.2890532879818594,0.14958105264375676
190,rd_out/uni/MB_1_A0.0821_C0.038,rd_out/uni/MB_1_A0.0821_C0.038_02000.png,0.08206896551724137,0.03793103448275861,0.30256235827664396,0.22035004920732196
191,rd_out/uni/MB_1_A0.0845_C0.038,rd_out/uni/MB_1_A0.0845_C0.038_02000.png,0.08448275862068966,0.03793103448275861,0.3108956916099773,0.25418492217756394
192,rd_out/uni/MB_1_A0.0869_C0.038,rd_out/uni/MB_1_A0.0869_C0.038_02000.png,0.08689655172413792,0.03793103448275861,0.3365362811791383,0.3903156610876951
193,rd_out/uni/MB_1_A0.0893_C0.038,rd_out/uni/MB_1_A0.0893_C0.038_02000.png,0.08931034482758621,0.03793103448275861,0.3466496598639456,0.3759724435186784
194,rd_out/uni/MB_1_A0.0917_C0.038,rd_out/uni/MB_1_A0.0917_C0.038_02000.png,0.09172413793103447,0.03793103448275861,0.37569160997732426,0.4824764201050506
195,rd_out/uni/MB_1_A0.0941_C0.038,rd_out/uni/MB_1_A0.0941_C0.038_02000.png,0.09413793103448276,0.03793103448275861,0.3876077097505669,0.4699422279949553
196,rd_out/uni/MB_1_A0.0966_C0.038,rd_out/uni/MB_1_A0.0966_C0.038_02000.png,0.09655172413793103,0.03793103448275861,0.4109353741496599,0.5711211963018421
197,rd_out/uni/MB_1_A0.0990_C0.038,rd_out/uni/MB_1_A0.0990_C0.038_02000.png,0.09896551724137932,0.03793103448275861,0.422687074829932,0.5390749603520135
198,rd_out/uni/MB_1_A0.1014_C0.038,rd_out/uni/MB_1_A0.1014_C0.038_02000.png,0.1013793103448276,0.03793103448275861,0.4517120181405895,0.7045686991903432
199,rd_out/uni/MB_1_A0.1038_C0.038,rd_out/uni/MB_1_A0.1038_C0.038_02000.png,0.10379310344827587,0.03793103448275861,0.4552210884353742,0.6649777115896778
200,rd_out/uni/MB_1_A0.1062_C0.038,rd_out/uni/MB_1_A0.1062_C0.038_02000.png,0.10620689655172416,0.03793103448275861,0.4804251700680272,0.6913370889240761
201,rd_out/uni/MB_1_A0.1086_C0.038,rd_out/uni/MB_1_A0.1086_C0.038_02000.png,0.10862068965517242,0.03793103448275861,0.4838548752834467,0.7056218910586525
202,rd_out/uni/MB_1_A0.1110_C0.038,rd_out/uni/MB_1_A0.1110_C0.038_02000.png,0.1110344827586207,0.03793103448275861,0.5275283446712018,0.8145775388656141
203,rd_out/uni/MB_1_A0.1134_C0.038,rd_out/uni/MB_1_A0.1134_C0.038_02000.png,0.11344827586206895,0.03793103448275861,0.5460657596371883,0.6811089922266849
204,rd_out/uni/MB_1_A0.1159_C0.038,rd_out/uni/MB_1_A0.1159_C0.038_02000.png,0.11586206896551725,0.03793103448275861,0.5639512471655329,0.7169980514104095
205,rd_out/uni/MB_1_A0.1183_C0.038,rd_out/uni/MB_1_A0.1183_C0.038_02000.png,0.11827586206896552,0.03793103448275861,0.5856916099773243,0.6978062902105813
206,rd_out/uni/MB_1_A0.1207_C0.038,rd_out/uni/MB_1_A0.1207_C0.038_02000.png,0.1206896551724138,0.03793103448275861,0.6368367346938776,0.6086204289020425
207,rd_out/uni/MB_1_A0.1231_C0.038,rd_out/uni/MB_1_A0.1231_C0.038_02000.png,0.12310344827586207,0.03793103448275861,0.6893367346938776,0.4671736375211581
208,rd_out/uni/MB_1_A0.1255_C0.038,rd_out/uni/MB_1_A0.1255_C0.038_02000.png,0.12551724137931036,0.03793103448275861,0.745391156462585,0.39808946263296174
209,rd_out/uni/MB_1_A0.1279_C0.038,rd_out/uni/MB_1_A0.1279_C0.038_02000.png,0.12793103448275864,0.03793103448275861,0.8490986394557822,0.3203055727160453
210,rd_out/uni/MB_1_A0.1303_C0.038,rd_out/uni/MB_1_A0.1303_C0.038_02000.png,0.1303448275862069,0.03793103448275861,0.8993027210884355,0.26659959717088844
211,rd_out/uni/MB_1_A0.1328_C0.038,rd_out/uni/MB_1_A0.1328_C0.038_02000.png,0.1327586206896552,0.03793103448275861,0.9311337868480726,0.2664604626511365
212,rd_out/uni/MB_1_A0.1352_C0.038,rd_out/uni/MB_1_A0.1352_C0.038_02000.png,0.13517241379310346,0.03793103448275861,0.9620464852607711,0.33266414901863584
213,rd_out/uni/MB_1_A0.1400_C0.038,rd_out/uni/MB_1_A0.1400_C0.038_02000.png,0.14,0.03793103448275861,0.9785147392290248,0.2558727532343734
214,rd_out/uni/MB_1_A0.0700_C0.055,rd_out/uni/MB_1_A0.0700_C0.055_02000.png,0.07,0.05517241379310345,0.29875850340136056,0.234871961273488
215,rd_out/uni/MB_1_A0.0724_C0.055,rd_out/uni/MB_1_A0.0724_C0.055_02000.png,0.07241379310344828,0.05517241379310345,0.2879138321995465,0.1639242344401335
216,rd_out/uni/MB_1_A0.0748_C0.055,rd_out/uni/MB_1_A0.0748_C0.055_02000.png,0.07482758620689656,0.05517241379310345,0.3015022675736961,0.16369580517729554
217,rd_out/uni/MB_1_A0.0772_C0.055,rd_out/uni/MB_1_A0.0772_C0.055_02000.png,0.07724137931034482,0.05517241379310345,0.30599773242630385,0.17055900526188694
218,rd_out/uni/MB_1_A0.0797_C0.055,rd_out/uni/MB_1_A0.0797_C0.055_02000.png,0.07965517241379311,0.05517241379310345,0.3223242630385488,0.2265213769441896
219,rd_out/uni/MB_1_A0.0821_C0.055,rd_out/uni/MB_1_A0.0821_C0.055_02000.png,0.08206896551724137,0.05517241379310345,0.3301643990929705,0.2017338142876096
220,rd_out/uni/MB_1_A0.0845_C0.055,rd_out/uni/MB_1_A0.0845_C0.055_02000.png,0.08448275862068966,0.05517241379310345,0.34708616780045354,0.3749567287101969
221,rd_out/uni/MB_1_A0.0869_C0.055,rd_out/uni/MB_1_A0.0869_C0.055_02000.png,0.08689655172413792,0.05517241379310345,0.3718820861678005,0.3827678277960845
222,rd_out/uni/MB_1_A0.0893_C0.055,rd_out/uni/MB_1_A0.0893_C0.055_02000.png,0.08931034482758621,0.05517241379310345,0.38378117913832205,0.3988766948330416
223,rd_out/uni/MB_1_A0.0917_C0.055,rd_out/uni/MB_1_A0.0917_C0.055_02000.png,0.09172413793103447,0.05517241379310345,0.3946031746031746,0.42736772384542976
224,rd_out/uni/MB_1_A0.0941_C0.055,rd_out/uni/MB_1_A0.0941_C0.055_02000.png,0.09413793103448276,0.05517241379310345,0.4308786848072562,0.66296616488116
225,rd_out/uni/MB_1_A0.0966_C0.055,rd_out/uni/MB_1_A0.0966_C0.055_02000.png,0.09655172413793103,0.05517241379310345,0.4468310657596372,0.7000440363196003
226,rd_out/uni/MB_1_A0.0990_C0.055,rd_out/uni/MB_1_A0.0990_C0.055_02000.png,0.09896551724137932,0.05517241379310345,0.4646315192743764,0.7256790119287531
227,rd_out/uni/MB_1_A0.1014_C0.055,rd_out/uni/MB_1_A0.1014_C0.055_02000.png,0.1013793103448276,0.05517241379310345,0.4842403628117914,0.7881960343513987
228,rd_out/uni/MB_1_A0.1038_C0.055,rd_out/uni/MB_1_A0.1038_C0.055_02000.png,0.10379310344827587,0.05517241379310345,0.5074206349206349,0.7506445197911448
229,rd_out/uni/MB_1_A0.1062_C0.055,rd_out/uni/MB_1_A0.1062_C0.055_02000.png,0.10620689655172416,0.05517241379310345,0.508888888888889,0.7587732583980559
230,rd_out/uni/MB_1_A0.1086_C0.055,rd_out/uni/MB_1_A0.1086_C0.055_02000.png,0.10862068965517242,0.05517241379310345,0.5257936507936508,0.7788212090617475
231,rd_out/uni/MB_1_A0.1110_C0.055,rd_out/uni/MB_1_A0.1110_C0.055_02000.png,0.1110344827586207,0.05517241379310345,0.5625510204081633,0.8077767393788489
232,rd_out/uni/MB_1_A0.1134_C0.055,rd_out/uni/MB_1_A0.1134_C0.055_02000.png,0.11344827586206895,0.05517241379310345,0.5689512471655329,0.8375945564423808
233,rd_out/uni/MB_1_A0.1159_C0.055,rd_out/uni/MB_1_A0.1159_C0.055_02000.png,0.11586206896551725,0.05517241379310345,0.6057993197278911,0.5902945062207962
234,rd_out/uni/MB_1_A0.1183_C0.055,rd_out/uni/MB_1_A0.1183_C0.055_02000.png,0.11827586206896552,0.05517241379310345,0.6704251700680273,0.5274226954828163
235,rd_out/uni/MB_1_A0.1207_C0.055,rd_out/uni/MB_1_A0.1207_C0.055_02000.png,0.1206896551724138,0.05517241379310345,0.7110544217687075,0.4733673507690177
236,rd_out/uni/MB_1_A0.1231_C0.055,rd_out/uni/MB_1_A0.1231_C0.055_02000.png,0.12310344827586207,0.05517241379310345,0.7829535147392289,0.3542821204911885
237,rd_out/uni/MB_1_A0.1255_C0.055,rd_out/uni/MB_1_A0.1255_C0.055_02000.png,0.12551724137931036,0.05517241379310345,0.9009807256235828,0.2296060013200365
238,rd_out/uni/MB_1_A0.1279_C0.055,rd_out/uni/MB_1_A0.1279_C0.055_02000.png,0.12793103448275864,0.05517241379310345,0.9554251700680272,0.22606874369380134
239,rd_out/uni/MB_1_A0.1303_C0.055,rd_out/uni/MB_1_A0.1303_C0.055_02000.png,0.1303448275862069,0.05517241379310345,0.9690419501133788,0.2590614417088022
240,rd_out/uni/MB_1_A0.1328_C0.055,rd_out/uni/MB_1_A0.1328_C0.055_02000.png,0.1327586206896552,0.05517241379310345,0.989812925170068,0.3379192540422451
241,rd_out/uni/MB_1_A0.1352_C0.055,rd_out/uni/MB_1_A0.1352_C0.055_02000.png,0.13517241379310346,0.05517241379310345,0.9898356009070296,0.2711735972866939
242,rd_out/uni/MB_1_A0.0700_C0.072,rd_out/uni/MB_1_A0.0700_C0.072_02000.png,0.07,0.07241379310344828,0.3188095238095238,0.2675594821990298
243,rd_out/uni/MB_1_A0.0724_C0.072,rd_out/uni/MB_1_A0.0724_C0.072_02000.png,0.07241379310344828,0.07241379310344828,0.3245181405895692,0.21913185285134906
244,rd_out/uni/MB_1_A0.0748_C0.072,rd_out/uni/MB_1_A0.0748_C0.072_02000.png,0.07482758620689656,0.07241379310344828,0.334421768707483,0.2515907536270666
245,rd_out/uni/MB_1_A0.0772_C0.072,rd_out/uni/MB_1_A0.0772_C0.072_02000.png,0.07724137931034482,0.07241379310344828,0.33884920634920634,0.2179217091721467
246,rd_out/uni/MB_1_A0.0797_C0.072,rd_out/uni/MB_1_A0.0797_C0.072_02000.png,0.07965517241379311,0.07241379310344828,0.3573639455782313,0.30633714367146936
247,rd_out/uni/MB_1_A0.0821_C0.072,rd_out/uni/MB_1_A0.0821_C0.072_02000.png,0.08206896551724137,0.07241379310344828,0.369155328798186,0.4106751140988173
248,rd_out/uni/MB_1_A0.0845_C0.072,rd_out/uni/MB_1_A0.0845_C0.072_02000.png,0.08448275862068966,0.07241379310344828,0.3946371882086168,0.46762250940424605
249,rd_out/uni/MB_1_A0.0869_C0.072,rd_out/uni/MB_1_A0.0869_C0.072_02000.png,0.08689655172413792,0.07241379310344828,0.404421768707483,0.5890657956988061
250,rd_out/uni/MB_1_A0.0893_C0.072,rd_out/uni/MB_1_A0.0893_C0.072_02000.png,0.08931034482758621,0.07241379310344828,0.4205555555555555,0.561535760548606
251,rd_out/uni/MB_1_A0.0917_C0.072,rd_out/uni/MB_1_A0.0917_C0.072_02000.png,0.09172413793103447,0.07241379310344828,0.44768707482993203,0.6397849773092797
252,rd_out/uni/MB_1_A0.0941_C0.072,rd_out/uni/MB_1_A0.0941_C0.072_02000.png,0.09413793103448276,0.07241379310344828,0.4583560090702948,0.662038788802347
253,rd_out/uni/MB_1_A0.0966_C0.072,rd_out/uni/MB_1_A0.0966_C0.072_02000.png,0.09655172413793103,0.07241379310344828,0.4823356009070295,0.7797476771593993
254,rd_out/uni/MB_1_A0.0990_C0.072,rd_out/uni/MB_1_A0.0990_C0.072_02000.png,0.09896551724137932,0.07241379310344828,0.4914285714285714,0.6962089089798901
255,rd_out/uni/MB_1_A0.1014_C0.072,rd_out/uni/MB_1_A0.1014_C0.072_02000.png,0.1013793103448276,0.07241379310344828,0.5105952380952381,0.7337688927349353
256,rd_out/uni/MB_1_A0.1038_C0.072,rd_out/uni/MB_1_A0.1038_C0.072_02000.png,0.10379310344827587,0.07241379310344828,0.5342630385487528,0.8378796179766279
257,rd_out/uni/MB_1_A0.1062_C0.072,rd_out/uni/MB_1_A0.1062_C0.072_02000.png,0.10620689655172416,0.07241379310344828,0.5469160997732427,0.8511907624879009
258,rd_out/uni/MB_1_A0.1086_C0.072,rd_out/uni/MB_1_A0.1086_C0.072_02000.png,0.10862068965517242,0.07241379310344828,0.5652324263038548,0.8084621155771771
259,rd_out/uni/MB_1_A0.1110_C0.072,rd_out/uni/MB_1_A0.1110_C0.072_02000.png,0.1110344827586207,0.07241379310344828,0.6095975056689342,0.6831720736956544
260,rd_out/uni/MB_1_A0.1134_C0.072,rd_out/uni/MB_1_A0.1134_C0.072_02000.png,0.11344827586206895,0.07241379310344828,0.6222732426303855,0.5979896903783413
261,rd_out/uni/MB_1_A0.1159_C0.072,rd_out/uni/MB_1_A0.1159_C0.072_02000.png,0.11586206896551725,0.07241379310344828,0.6919501133786848,0.4122568502982208
262,rd_out/uni/MB_1_A0.1183_C0.072,rd_out/uni/MB_1_A0.1183_C0.072_02000.png,0.11827586206896552,0.07241379310344828,0.7640136054421769,0.2773162275769392
263,rd_out/uni/MB_1_A0.1207_C0.072,rd_out/uni/MB_1_A0.1207_C0.072_02000.png,0.1206896551724138,0.07241379310344828,0.859501133786848,0.2318012294713393
264,rd_out/uni/MB_1_A0.1231_C0.072,rd_out/uni/MB_1_A0.1231_C0.072_02000.png,0.12310344827586207,0.07241379310344828,0.941360544217687,0.21200476225557965
265,rd_out/uni/MB_1_A0.1255_C0.072,rd_out/uni/MB_1_A0.1255_C0.072_02000.png,0.12551724137931036,0.07241379310344828,0.9731519274376416,0.20568123771897465
266,rd_out/uni/MB_1_A0.1303_C0.072,rd_out/uni/MB_1_A0.1303_C0.072_02000.png,0.1303448275862069,0.07241379310344828,0.9932709750566894,0.18494949466454413
267,rd_out/uni/MB_1_A0.0700_C0.090,rd_out/uni/MB_1_A0.0700_C0.090_02000.png,0.07,0.08965517241379309,0.3534523809523809,0.3527471372685723
268,rd_out/uni/MB_1_A0.0724_C0.090,rd_out/uni/MB_1_A0.0724_C0.090_02000.png,0.07241379310344828,0.08965517241379309,0.3558730158730159,0.35565387970465034
269,rd_out/uni/MB_1_A0.0748_C0.090,rd_out/uni/MB_1_A0.0748_C0.090_02000.png,0.07482758620689656,0.08965517241379309,0.3662528344671202,0.3417740636513622
270,rd_out/uni/MB_1_A0.0772_C0.090,rd_out/uni/MB_1_A0.0772_C0.090_02000.png,0.07724137931034482,0.08965517241379309,0.374297052154195,0.32245191652369143
271,rd_out/uni/MB_1_A0.0797_C0.090,rd_out/uni/MB_1_A0.0797_C0.090_02000.png,0.07965517241379311,0.08965517241379309,0.3909863945578232,0.4447897850388981
272,rd_out/uni/MB_1_A0.0821_C0.090,rd_out/uni/MB_1_A0.0821_C0.090_02000.png,0.08206896551724137,0.08965517241379309,0.40729024943310654,0.5453626021535658
273,rd_out/uni/MB_1_A0.0845_C0.090,rd_out/uni/MB_1_A0.0845_C0.090_02000.png,0.08448275862068966,0.08965517241379309,0.42374149659863947,0.6079703276648328
274,rd_out/uni/MB_1_A0.0869_C0.090,rd_out/uni/MB_1_A0.0869_C0.090_02000.png,0.08689655172413792,0.08965517241379309,0.4390192743764173,0.5700207043319829
275,rd_out/uni/MB_1_A0.0893_C0.090,rd_out/uni/MB_1_A0.0893_C0.090_02000.png,0.08931034482758621,0.08965517241379309,0.45884353741496603,0.7081114212049665
276,rd_out/uni/MB_1_A0.0917_C0.090,rd_out/uni/MB_1_A0.0917_C0.090_02000.png,0.09172413793103447,0.08965517241379309,0.4845918367346938,0.7933939225511258
277,rd_out/uni/MB_1_A0.0941_C0.090,rd_out/uni/MB_1_A0.0941_C0.090_02000.png,0.09413793103448276,0.08965517241379309,0.4948809523809524,0.702887910311706
278,rd_out/uni/MB_1_A0.0966_C0.090,rd_out/uni/MB_1_A0.0966_C0.090_02000.png,0.09655172413793103,0.08965517241379309,0.5215986394557823,0.8260636833117584
279,rd_out/uni/MB_1_A0.0990_C0.090,rd_out/uni/MB_1_A0.0990_C0.090_02000.png,0.09896551724137932,0.08965517241379309,0.5292857142857144,0.8178490412348072
280,rd_out/uni/MB_1_A0.1014_C0.090,rd_out/uni/MB_1_A0.1014_C0.090_02000.png,0.1013793103448276,0.08965517241379309,0.5528174603174604,0.760667079014935
281,rd_out/uni/MB_1_A0.1038_C0.090,rd_out/uni/MB_1_A0.1038_C0.090_02000.png,0.10379310344827587,0.08965517241379309,0.5740702947845805,0.8505497972763947
282,rd_out/uni/MB_1_A0.1062_C0.090,rd_out/uni/MB_1_A0.1062_C0.090_02000.png,0.10620689655172416,0.08965517241379309,0.5930498866213152,0.6519191168720615
283,rd_out/uni/MB_1_A0.1086_C0.090,rd_out/uni/MB_1_A0.1086_C0.090_02000.png,0.10862068965517242,0.08965517241379309,0.615498866213152,0.7380840267648487
284,rd_out/uni/MB_1_A0.1110_C0.090,rd_out/uni/MB_1_A0.1110_C0.090_02000.png,0.1110344827586207,0.08965517241379309,0.6500113378684808,0.5277817651902901
285,rd_out/uni/MB_1_A0.1134_C0.090,rd_out/uni/MB_1_A0.1134_C0.090_02000.png,0.11344827586206895,0.08965517241379309,0.7209070294784581,0.3540806781810876
286,rd_out/uni/MB_1_A0.1159_C0.090,rd_out/uni/MB_1_A0.1159_C0.090_02000.png,0.11586206896551725,0.08965517241379309,0.8052154195011338,0.2408580400106839
287,rd_out/uni/MB_1_A0.1183_C0.090,rd_out/uni/MB_1_A0.1183_C0.090_02000.png,0.11827586206896552,0.08965517241379309,0.8984863945578232,0.21575147637263825
288,rd_out/uni/MB_1_A0.1207_C0.090,rd_out/uni/MB_1_A0.1207_C0.090_02000.png,0.1206896551724138,0.08965517241379309,0.9710884353741496,0.20162990289957872
289,rd_out/uni/MB_1_A0.0700_C0.107,rd_out/uni/MB_1_A0.0700_C0.107_02000.png,0.07,0.10689655172413792,0.3897278911564626,0.5223600498828962
290,rd_out/uni/MB_1_A0.0724_C0.107,rd_out/uni/MB_1_A0.0724_C0.107_02000.png,0.07241379310344828,0.10689655172413792,0.38268707482993203,0.3957932861434722
291,rd_out/uni/MB_1_A0.0748_C0.107,rd_out/uni/MB_1_A0.0748_C0.107_02000.png,0.07482758620689656,0.10689655172413792,0.3980498866213152,0.4995197742839918
292,rd_out/uni/MB_1_A0.0772_C0.107,rd_out/uni/MB_1_A0.0772_C0.107_02000.png,0.07724137931034482,0.10689655172413792,0.41,0.4887831370637068
293,rd_out/uni/MB_1_A0.0797_C0.107,rd_out/uni/MB_1_A0.0797_C0.107_02000.png,0.07965517241379311,0.10689655172413792,0.4267913832199545,0.5377909635935231
294,rd_out/uni/MB_1_A0.0821_C0.107,rd_out/uni/MB_1_A0.0821_C0.107_02000.png,0.08206896551724137,0.10689655172413792,0.4416439909297053,0.5794859646171131
295,rd_out/uni/MB_1_A0.0845_C0.107,rd_out/uni/MB_1_A0.0845_C0.107_02000.png,0.08448275862068966,0.10689655172413792,0.4634126984126984,0.6277182850090293
296,rd_out/uni/MB_1_A0.0869_C0.107,rd_out/uni/MB_1_A0.0869_C0.107_02000.png,0.08689655172413792,0.10689655172413792,0.4703344671201814,0.7069481941770608
297,rd_out/uni/MB_1_A0.0893_C0.107,rd_out/uni/MB_1_A0.0893_C0.107_02000.png,0.08931034482758621,0.10689655172413792,0.491530612244898,0.7858500740153065
298,rd_out/uni/MB_1_A0.0917_C0.107,rd_out/uni/MB_1_A0.0917_C0.107_02000.png,0.09172413793103447,0.10689655172413792,0.5163662131519274,0.8299735161247046
299,rd_out/uni/MB_1_A0.0941_C0.107,rd_out/uni/MB_1_A0.0941_C0.107_02000.png,0.09413793103448276,0.10689655172413792,0.5345578231292517,0.7843100637399034
300,rd_out/uni/MB_1_A0.0966_C0.107,rd_out/uni/MB_1_A0.0966_C0.107_02000.png,0.09655172413793103,0.10689655172413792,0.5511961451247166,0.8414784863573384
301,rd_out/uni/MB_1_A0.0990_C0.107,rd_out/uni/MB_1_A0.0990_C0.107_02000.png,0.09896551724137932,0.10689655172413792,0.5609410430839001,0.7411706814569488
302,rd_out/uni/MB_1_A0.1014_C0.107,rd_out/uni/MB_1_A0.1014_C0.107_02000.png,0.1013793103448276,0.10689655172413792,0.6013208616780046,0.6772209628299006
303,rd_out/uni/MB_1_A0.1038_C0.107,rd_out/uni/MB_1_A0.1038_C0.107_02000.png,0.10379310344827587,0.10689655172413792,0.6161394557823129,0.7574901561211718
304,rd_out/uni/MB_1_A0.1062_C0.107,rd_out/uni/MB_1_A0.1062_C0.107_02000.png,0.10620689655172416,0.10689655172413792,0.6472108843537415,0.5105777382136816
305,rd_out/uni/MB_1_A0.1086_C0.107,rd_out/uni/MB_1_A0.1086_C0.107_02000.png,0.10862068965517242,0.10689655172413792,0.6698129251700681,0.5911250843353102
306,rd_out/uni/MB_1_A0.1110_C0.107,rd_out/uni/MB_1_A0.1110_C0.107_02000.png,0.1110344827586207,0.10689655172413792,0.7518083900226757,0.3008909967453738
307,rd_out/uni/MB_1_A0.1134_C0.107,rd_out/uni/MB_1_A0.1134_C0.107_02000.png,0.11344827586206895,0.10689655172413792,0.8507936507936509,0.2052822562257264
308,rd_out/uni/MB_1_A0.1159_C0.107,rd_out/uni/MB_1_A0.1159_C0.107_02000.png,0.11586206896551725,0.10689655172413792,0.932874149659864,0.17380778871504166
309,rd_out/uni/MB_1_A0.1183_C0.107,rd_out/uni/MB_1_A0.1183_C0.107_02000.png,0.11827586206896552,0.10689655172413792,0.98781179138322,0.19049324350377528
310,rd_out/uni/MB_1_A0.0700_C0.124,rd_out/uni/MB_1_A0.0700_C0.124_02000.png,0.07,0.12413793103448276,0.4229988662131519,0.6341902837160389
311,rd_out/uni/MB_1_A0.0724_C0.124,rd_out/uni/MB_1_A0.0724_C0.124_02000.png,0.07241379310344828,0.12413793103448276,0.4218480725623583,0.6630998477055711
312,rd_out/uni/MB_1_A0.0748_C0.124,rd_out/uni/MB_1_A0.0748_C0.124_02000.png,0.07482758620689656,0.12413793103448276,0.4184863945578231,0.4794872003906434
313,rd_out/uni/MB_1_A0.0772_C0.124,rd_out/uni/MB_1_A0.0772_C0.124_02000.png,0.07724137931034482,0.12413793103448276,0.4424263038548753,0.6441268921851533
314,rd_out/uni/MB_1_A0.0797_C0.124,rd_out/uni/MB_1_A0.0797_C0.124_02000.png,0.07965517241379311,0.12413793103448276,0.4587244897959184,0.6805825612700656
315,rd_out/uni/MB_1_A0.0821_C0.124,rd_out/uni/MB_1_A0.0821_C0.124_02000.png,0.08206896551724137,0.12413793103448276,0.4754421768707483,0.6278268466253357
316,rd_out/uni/MB_1_A0.0845_C0.124,rd_out/uni/MB_1_A0.0845_C0.124_02000.png,0.08448275862068966,0.12413793103448276,0.4915362811791383,0.7727732614477374
317,rd_out/uni/MB_1_A0.0869_C0.124,rd_out/uni/MB_1_A0.0869_C0.124_02000.png,0.08689655172413792,0.12413793103448276,0.5136961451247166,0.8334342818235045
318,rd_out/uni/MB_1_A0.0893_C0.124,rd_out/uni/MB_1_A0.0893_C0.124_02000.png,0.08931034482758621,0.12413793103448276,0.5353004535147392,0.8350786909257667
319,rd_out/uni/MB_1_A0.0917_C0.124,rd_out/uni/MB_1_A0.0917_C0.124_02000.png,0.09172413793103447,0.12413793103448276,0.545124716553288,0.8708915695085113
320,rd_out/uni/MB_1_A0.0941_C0.124,rd_out/uni/MB_1_A0.0941_C0.124_02000.png,0.09413793103448276,0.12413793103448276,0.557936507936508,0.8093937219646492
321,rd_out/uni/MB_1_A0.0966_C0.124,rd_out/uni/MB_1_A0.0966_C0.124_02000.png,0.09655172413793103,0.12413793103448276,0.5917517006802722,0.6638166399679818
322,rd_out/uni/MB_1_A0.0990_C0.124,rd_out/uni/MB_1_A0.0990_C0.124_02000.png,0.09896551724137932,0.12413793103448276,0.6141780045351474,0.6029617417170436
323,rd_out/uni/MB_1_A0.1014_C0.124,rd_out/uni/MB_1_A0.1014_C0.124_02000.png,0.1013793103448276,0.12413793103448276,0.6259977324263039,0.6037888756048388
324,rd_out/uni/MB_1_A0.1038_C0.124,rd_out/uni/MB_1_A0.1038_C0.124_02000.png,0.10379310344827587,0.12413793103448276,0.6529591836734694,0.6305336220915247
325,rd_out/uni/MB_1_A0.1062_C0.124,rd_out/uni/MB_1_A0.1062_C0.124_02000.png,0.10620689655172416,0.12413793103448276,0.6955668934240362,0.5110935523828393
326,rd_out/uni/MB_1_A0.1086_C0.124,rd_out/uni/MB_1_A0.1086_C0.124_02000.png,0.10862068965517242,0.12413793103448276,0.7970238095238095,0.3374770785639249
327,rd_out/uni/MB_1_A0.1110_C0.124,rd_out/uni/MB_1_A0.1110_C0.124_02000.png,0.1110344827586207,0.12413793103448276,0.9077551020408164,0.2121457865692048
328,rd_out/uni/MB_1_A0.0700_C0.141,rd_out/uni/MB_1_A0.0700_C0.141_02000.png,0.07,0.14137931034482756,0.44400226757369615,0.6733703363646579
329,rd_out/uni/MB_1_A0.0724_C0.141,rd_out/uni/MB_1_A0.0724_C0.141_02000.png,0.07241379310344828,0.14137931034482756,0.4509580498866213,0.699206410027247
330,rd_out/uni/MB_1_A0.0748_C0.141,rd_out/uni/MB_1_A0.0748_C0.141_02000.png,0.07482758620689656,0.14137931034482756,0.4517630385487528,0.8400638910794493
331,rd_out/uni/MB_1_A0.0772_C0.141,rd_out/uni/MB_1_A0.0772_C0.141_02000.png,0.07724137931034482,0.14137931034482756,0.471984126984127,0.7410010336885016
332,rd_out/uni/MB_1_A0.0797_C0.141,rd_out/uni/MB_1_A0.0797_C0.141_02000.png,0.07965517241379311,0.14137931034482756,0.4913151927437642,0.7685352742286735
333,rd_out/uni/MB_1_A0.0821_C0.141,rd_out/uni/MB_1_A0.0821_C0.141_02000.png,0.08206896551724137,0.14137931034482756,0.4993650793650794,0.74447785146652
334,rd_out/uni/MB_1_A0.0845_C0.141,rd_out/uni/MB_1_A0.0845_C0.141_02000.png,0.08448275862068966,0.14137931034482756,0.5258786848072562,0.8715086307751714
335,rd_out/uni/MB_1_A0.0869_C0.141,rd_out/uni/MB_1_A0.0869_C0.141_02000.png,0.08689655172413792,0.14137931034482756,0.5440873015873016,0.7829095073371023
336,rd_out/uni/MB_1_A0.0893_C0.141,rd_out/uni/MB_1_A0.0893_C0.141_02000.png,0.08931034482758621,0.14137931034482756,0.5625510204081633,0.7221187523532892
337,rd_out/uni/MB_1_A0.0917_C0.141,rd_out/uni/MB_1_A0.0917_C0.141_02000.png,0.09172413793103447,0.14137931034482756,0.580453514739229,0.7295917578008356
338,rd_out/uni/MB_1_A0.0941_C0.141,rd_out/uni/MB_1_A0.0941_C0.141_02000.png,0.09413793103448276,0.14137931034482756,0.601298185941043,0.6088444385611214
339,rd_out/uni/MB_1_A0.0966_C0.141,rd_out/uni/MB_1_A0.0966_C0.141_02000.png,0.09655172413793103,0.14137931034482756,0.6276530612244898,0.6095345058761206
340,rd_out/uni/MB_1_A0.0990_C0.141,rd_out/uni/MB_1_A0.0990_C0.141_02000.png,0.09896551724137932,0.14137931034482756,0.6540816326530612,0.5136860806910929
341,rd_out/uni/MB_1_A0.1014_C0.141,rd_out/uni/MB_1_A0.1014_C0.141_02000.png,0.1013793103448276,0.14137931034482756,0.6706349206349206,0.6456466521011444
342,rd_out/uni/MB_1_A0.1038_C0.141,rd_out/uni/MB_1_A0.1038_C0.141_02000.png,0.10379310344827587,0.14137931034482756,0.7059070294784581,0.4863856811321068
343,rd_out/uni/MB_1_A0.1062_C0.141,rd_out/uni/MB_1_A0.1062_C0.141_02000.png,0.10620689655172416,0.14137931034482756,0.8340362811791384,0.1865135793905157
344,rd_out/uni/MB_1_A0.1086_C0.141,rd_out/uni/MB_1_A0.1086_C0.141_02000.png,0.10862068965517242,0.14137931034482756,0.9843990929705216,0.17262463292193253
345,rd_out/uni/MB_1_A0.1110_C0.141,rd_out/uni/MB_1_A0.1110_C0.141_02000.png,0.1110344827586207,0.14137931034482756,0.9947562358276644,0.1562988702680449
346,rd_out/uni/MB_1_A0.0700_C0.159,rd_out/uni/MB_1_A0.0700_C0.159_02000.png,0.07,0.15862068965517245,0.4655215419501134,0.8097621939757282
347,rd_out/uni/MB_1_A0.0724_C0.159,rd_out/uni/MB_1_A0.0724_C0.159_02000.png,0.07241379310344828,0.15862068965517245,0.47609410430839,0.7719131348141078
348,rd_out/uni/MB_1_A0.0748_C0.159,rd_out/uni/MB_1_A0.0748_C0.159_02000.png,0.07482758620689656,0.15862068965517245,0.4889795918367347,0.7816377334607079
349,rd_out/uni/MB_1_A0.0772_C0.159,rd_out/uni/MB_1_A0.0772_C0.159_02000.png,0.07724137931034482,0.15862068965517245,0.5038662131519274,0.786330539741873
350,rd_out/uni/MB_1_A0.0797_C0.159,rd_out/uni/MB_1_A0.0797_C0.159_02000.png,0.07965517241379311,0.15862068965517245,0.5251587301587302,0.8456692680888396
351,rd_out/uni/MB_1_A0.0821_C0.159,rd_out/uni/MB_1_A0.0821_C0.159_02000.png,0.08206896551724137,0.15862068965517245,0.5398242630385488,0.8504906045847493
352,rd_out/uni/MB_1_A0.0845_C0.159,rd_out/uni/MB_1_A0.0845_C0.159_02000.png,0.08448275862068966,0.15862068965517245,0.5616383219954649,0.7929496974755075
353,rd_out/uni/MB_1_A0.0869_C0.159,rd_out/uni/MB_1_A0.0869_C0.159_02000.png,0.08689655172413792,0.15862068965517245,0.5754478458049888,0.6545126541379456
354,rd_out/uni/MB_1_A0.0893_C0.159,rd_out/uni/MB_1_A0.0893_C0.159_02000.png,0.08931034482758621,0.15862068965517245,0.6041439909297053,0.6728934170016713
355,rd_out/uni/MB_1_A0.0917_C0.159,rd_out/uni/MB_1_A0.0917_C0.159_02000.png,0.09172413793103447,0.15862068965517245,0.6196938775510203,0.563624662520034
356,rd_out/uni/MB_1_A0.0941_C0.159,rd_out/uni/MB_1_A0.0941_C0.159_02000.png,0.09413793103448276,0.15862068965517245,0.6444217687074829,0.513622747555714
357,rd_out/uni/MB_1_A0.0966_C0.159,rd_out/uni/MB_1_A0.0966_C0.159_02000.png,0.09655172413793103,0.15862068965517245,0.6709750566893424,0.3875794414278314
358,rd_out/uni/MB_1_A0.0990_C0.159,rd_out/uni/MB_1_A0.0990_C0.159_02000.png,0.09896551724137932,0.15862068965517245,0.6906519274376417,0.5183508823240885
359,rd_out/uni/MB_1_A0.1014_C0.159,rd_out/uni/MB_1_A0.1014_C0.159_02000.png,0.1013793103448276,0.15862068965517245,0.7526133786848073,0.44387828505434257
360,rd_out/uni/MB_1_A0.1038_C0.159,rd_out/uni/MB_1_A0.1038_C0.159_02000.png,0.10379310344827587,0.15862068965517245,0.9086337868480726,0.1662525309779216
361,rd_out/uni/MB_1_A0.0700_C0.176,rd_out/uni/MB_1_A0.0700_C0.176_02000.png,0.07,0.17586206896551726,0.48729591836734704,0.7720448676429679
362,rd_out/uni/MB_1_A0.0724_C0.176,rd_out/uni/MB_1_A0.0724_C0.176_02000.png,0.07241379310344828,0.17586206896551726,0.4955442176870748,0.7970315674366978
363,rd_out/uni/MB_1_A0.0748_C0.176,rd_out/uni/MB_1_A0.0748_C0.176_02000.png,0.07482758620689656,0.17586206896551726,0.5234977324263038,0.8523007010709627
364,rd_out/uni/MB_1_A0.0772_C0.176,rd_out/uni/MB_1_A0.0772_C0.176_02000.png,0.07724137931034482,0.17586206896551726,0.5328061224489796,0.8445030442212713
365,rd_out/uni/MB_1_A0.0797_C0.176,rd_out/uni/MB_1_A0.0797_C0.176_02000.png,0.07965517241379311,0.17586206896551726,0.5512131519274377,0.8688479760694187
366,rd_out/uni/MB_1_A0.0821_C0.176,rd_out/uni/MB_1_A0.0821_C0.176_02000.png,0.08206896551724137,0.17586206896551726,0.5830045351473923,0.5750306117778579
367,rd_out/uni/MB_1_A0.0845_C0.176,rd_out/uni/MB_1_A0.0845_C0.176_02000.png,0.08448275862068966,0.17586206896551726,0.5990249433106576,0.5930980211800767
368,rd_out/uni/MB_1_A0.0869_C0.176,rd_out/uni/MB_1_A0.0869_C0.176_02000.png,0.08689655172413792,0.17586206896551726,0.6245068027210885,0.5247482239235728
369,rd_out/uni/MB_1_A0.0893_C0.176,rd_out/uni/MB_1_A0.0893_C0.176_02000.png,0.08931034482758621,0.17586206896551726,0.6397222222222222,0.5464428589421293
370,rd_out/uni/MB_1_A0.0917_C0.176,rd_out/uni/MB_1_A0.0917_C0.176_02000.png,0.09172413793103447,0.17586206896551726,0.6611111111111111,0.46750101404367
371,rd_out/uni/MB_1_A0.0941_C0.176,rd_out/uni/MB_1_A0.0941_C0.176_02000.png,0.09413793103448276,0.17586206896551726,0.6924603174603176,0.3874682993961151
372,rd_out/uni/MB_1_A0.0966_C0.176,rd_out/uni/MB_1_A0.0966_C0.176_02000.png,0.09655172413793103,0.17586206896551726,0.7315816326530613,0.3300030733713474
373,rd_out/uni/MB_1_A0.0990_C0.176,rd_out/uni/MB_1_A0.0990_C0.176_02000.png,0.09896551724137932,0.17586206896551726,0.7687585034013605,0.4005381078638063
374,rd_out/uni/MB_1_A0.1014_C0.176,rd_out/uni/MB_1_A0.1014_C0.176_02000.png,0.1013793103448276,0.17586206896551726,0.9749829931972788,0.17763552737063404
375,rd_out/uni/MB_1_A0.0700_C0.193,rd_out/uni/MB_1_A0.0700_C0.193_02000.png,0.07,0.19310344827586204,0.5126757369614513,0.8625776975661149
376,rd_out/uni/MB_1_A0.0724_C0.193,rd_out/uni/MB_1_A0.0724_C0.193_02000.png,0.07241379310344828,0.19310344827586204,0.5235997732426304,0.8632618481715728
377,rd_out/uni/MB_1_A0.0748_C0.193,rd_out/uni/MB_1_A0.0748_C0.193_02000.png,0.07482758620689656,0.19310344827586204,0.5451814058956916,0.8173197781562074
378,rd_out/uni/MB_1_A0.0772_C0.193,rd_out/uni/MB_1_A0.0772_C0.193_02000.png,0.07724137931034482,0.19310344827586204,0.5694841269841271,0.7224421693301405
379,rd_out/uni/MB_1_A0.0797_C0.193,rd_out/uni/MB_1_A0.0797_C0.193_02000.png,0.07965517241379311,0.19310344827586204,0.5830612244897959,0.7250161676778986
380,rd_out/uni/MB_1_A0.0821_C0.193,rd_out/uni/MB_1_A0.0821_C0.193_02000.png,0.08206896551724137,0.19310344827586204,0.6124092970521542,0.6015359363664737
381,rd_out/uni/MB_1_A0.0845_C0.193,rd_out/uni/MB_1_A0.0845_C0.193_02000.png,0.08448275862068966,0.19310344827586204,0.6452324263038549,0.5026232766194734
382,rd_out/uni/MB_1_A0.0869_C0.193,rd_out/uni/MB_1_A0.0869_C0.193_02000.png,0.08689655172413792,0.19310344827586204,0.6600510204081632,0.4325444493915488
383,rd_out/uni/MB_1_A0.0893_C0.193,rd_out/uni/MB_1_A0.0893_C0.193_02000.png,0.08931034482758621,0.19310344827586204,0.6888775510204082,0.43891102081889377
384,rd_out/uni/MB_1_A0.0917_C0.193,rd_out/uni/MB_1_A0.0917_C0.193_02000.png,0.09172413793103447,0.19310344827586204,0.7073356009070294,0.374924591459506
385,rd_out/uni/MB_1_A0.0941_C0.193,rd_out/uni/MB_1_A0.0941_C0.193_02000.png,0.09413793103448276,0.19310344827586204,0.7326984126984127,0.3321636115599357
386,rd_out/uni/MB_1_A0.0966_C0.193,rd_out/uni/MB_1_A0.0966_C0.193_02000.png,0.09655172413793103,0.19310344827586204,0.8056065759637188,0.4467043094499589
387,rd_out/uni/MB_1_A0.0700_C0.210,rd_out/uni/MB_1_A0.0700_C0.210_02000.png,0.07,0.2103448275862069,0.5308219954648526,0.8545731313527928
388,rd_out/uni/MB_1_A0.0724_C0.210,rd_out/uni/MB_1_A0.0724_C0.210_02000.png,0.07241379310344828,0.2103448275862069,0.5541383219954648,0.7494934705843059
389,rd_out/uni/MB_1_A0.0748_C0.210,rd_out/uni/MB_1_A0.0748_C0.210_02000.png,0.07482758620689656,0.2103448275862069,0.5749773242630386,0.7922893990801395
390,rd_out/uni/MB_1_A0.0772_C0.210,rd_out/uni/MB_1_A0.0772_C0.210_02000.png,0.07724137931034482,0.2103448275862069,0.5940532879818594,0.7594952116819875
391,rd_out/uni/MB_1_A0.0797_C0.210,rd_out/uni/MB_1_A0.0797_C0.210_02000.png,0.07965517241379311,0.2103448275862069,0.6254478458049887,0.6173752216746117
392,rd_out/uni/MB_1_A0.0821_C0.210,rd_out/uni/MB_1_A0.0821_C0.210_02000.png,0.08206896551724137,0.2103448275862069,0.6555215419501134,0.466354620509535
393,rd_out/uni/MB_1_A0.0845_C0.210,rd_out/uni/MB_1_A0.0845_C0.210_02000.png,0.08448275862068966,0.2103448275862069,0.6786507936507937,0.453204525417048
394,rd_out/uni/MB_1_A0.0869_C0.210,rd_out/uni/MB_1_A0.0869_C0.210_02000.png,0.08689655172413792,0.2103448275862069,0.7089739229024943,0.27652705311576503
395,rd_out/uni/MB_1_A0.0893_C0.210,rd_out/uni/MB_1_A0.0893_C0.210_02000.png,0.08931034482758621,0.2103448275862069,0.7314455782312925,0.3062074615629593
396,rd_out/uni/MB_1_A0.0917_C0.210,rd_out/uni/MB_1_A0.0917_C0.210_02000.png,0.09172413793103447,0.2103448275862069,0.7528798185941042,0.3442285522797525
397,rd_out/uni/MB_1_A0.0941_C0.210,rd_out/uni/MB_1_A0.0941_C0.210_02000.png,0.09413793103448276,0.2103448275862069,0.8456065759637189,0.2634503535223275
398,rd_out/uni/MB_1_A0.0700_C0.228,rd_out/uni/MB_1_A0.0700_C0.228_02000.png,0.07,0.2275862068965517,0.5631519274376418,0.7404678098880086
399,rd_out/uni/MB_1_A0.0724_C0.228,rd_out/uni/MB_1_A0.0724_C0.228_02000.png,0.07241379310344828,0.2275862068965517,0.5761224489795919,0.8023895852680465
400,rd_out/uni/MB_1_A0.0748_C0.228,rd_out/uni/MB_1_A0.0748_C0.228_02000.png,0.07482758620689656,0.2275862068965517,0.6135884353741496,0.6338151143596229
401,rd_out/uni/MB_1_A0.0772_C0.228,rd_out/uni/MB_1_A0.0772_C0.228_02000.png,0.07724137931034482,0.2275862068965517,0.6357142857142857,0.5648515008345036
402,rd_out/uni/MB_1_A0.0797_C0.228,rd_out/uni/MB_1_A0.0797_C0.228_02000.png,0.07965517241379311,0.2275862068965517,0.6725283446712018,0.4790039989475156
403,rd_out/uni/MB_1_A0.0821_C0.228,rd_out/uni/MB_1_A0.0821_C0.228_02000.png,0.08206896551724137,0.2275862068965517,0.6975510204081632,0.4099590581076624
404,rd_out/uni/MB_1_A0.0845_C0.228,rd_out/uni/MB_1_A0.0845_C0.228_02000.png,0.08448275862068966,0.2275862068965517,0.7200850340136055,0.2599972547409135
405,rd_out/uni/MB_1_A0.0869_C0.228,rd_out/uni/MB_1_A0.0869_C0.228_02000.png,0.08689655172413792,0.2275862068965517,0.7474829931972792,0.2488933192271986
406,rd_out/uni/MB_1_A0.0893_C0.228,rd_out/uni/MB_1_A0.0893_C0.228_02000.png,0.08931034482758621,0.2275862068965517,0.7781349206349206,0.2333514215007741
407,rd_out/uni/MB_1_A0.0917_C0.228,rd_out/uni/MB_1_A0.0917_C0.228_02000.png,0.09172413793103447,0.2275862068965517,0.9176020408163263,0.19807289458658292
408,rd_out/uni/MB_1_A0.0700_C0.245,rd_out/uni/MB_1_A0.0700_C0.245_02000.png,0.07,0.24482758620689654,0.5835430839002268,0.6855334679314129
409,rd_out/uni/MB_1_A0.0724_C0.245,rd_out/uni/MB_1_A0.0724_C0.245_02000.png,0.07241379310344828,0.24482758620689654,0.608032879818594,0.7077412325067833
410,rd_out/uni/MB_1_A0.0748_C0.245,rd_out/uni/MB_1_A0.0748_C0.245_02000.png,0.07482758620689656,0.24482758620689654,0.6428004535147392,0.5521627481353245
411,rd_out/uni/MB_1_A0.0772_C0.245,rd_out/uni/MB_1_A0.0772_C0.245_02000.png,0.07724137931034482,0.24482758620689654,0.6847732426303855,0.34957917888913315
412,rd_out/uni/MB_1_A0.0797_C0.245,rd_out/uni/MB_1_A0.0797_C0.245_02000.png,0.07965517241379311,0.24482758620689654,0.7081179138321996,0.32071010642382713
413,rd_out/uni/MB_1_A0.0821_C0.245,rd_out/uni/MB_1_A0.0821_C0.245_02000.png,0.08206896551724137,0.24482758620689654,0.7348299319727891,0.2493613995017713
414,rd_out/uni/MB_1_A0.0845_C0.245,rd_out/uni/MB_1_A0.0845_C0.245_02000.png,0.08448275862068966,0.24482758620689654,0.7602607709750567,0.2442974322446457
415,rd_out/uni/MB_1_A0.0869_C0.245,rd_out/uni/MB_1_A0.0869_C0.245_02000.png,0.08689655172413792,0.24482758620689654,0.7858106575963719,0.2013023623635607
416,rd_out/uni/MB_1_A0.0893_C0.245,rd_out/uni/MB_1_A0.0893_C0.245_02000.png,0.08931034482758621,0.24482758620689654,0.9115986394557822,0.1559374950408149
417,rd_out/uni/MB_1_A0.0700_C0.262,rd_out/uni/MB_1_A0.0700_C0.262_02000.png,0.07,0.2620689655172413,0.6266609977324262,0.5588113354469293
418,rd_out/uni/MB_1_A0.0724_C0.262,rd_out/uni/MB_1_A0.0724_C0.262_02000.png,0.07241379310344828,0.2620689655172413,0.6408730158730158,0.6264950828814487
419,rd_out/uni/MB_1_A0.0748_C0.262,rd_out/uni/MB_1_A0.0748_C0.262_02000.png,0.07482758620689656,0.2620689655172413,0.6795918367346938,0.4458445969718885
420,rd_out/uni/MB_1_A0.0772_C0.262,rd_out/uni/MB_1_A0.0772_C0.262_02000.png,0.07724137931034482,0.2620689655172413,0.7226360544217687,0.2457301276141509
421,rd_out/uni/MB_1_A0.0797_C0.262,rd_out/uni/MB_1_A0.0797_C0.262_02000.png,0.07965517241379311,0.2620689655172413,0.7480385487528345,0.21495907239997025
422,rd_out/uni/MB_1_A0.0821_C0.262,rd_out/uni/MB_1_A0.0821_C0.262_02000.png,0.08206896551724137,0.2620689655172413,0.7715249433106576,0.17380271368777156
423,rd_out/uni/MB_1_A0.0845_C0.262,rd_out/uni/MB_1_A0.0845_C0.262_02000.png,0.08448275862068966,0.2620689655172413,0.8003061224489796,0.2161441767468827
424,rd_out/uni/MB_1_A0.0869_C0.262,rd_out/uni/MB_1_A0.0869_C0.262_02000.png,0.08689655172413792,0.2620689655172413,0.9823356009070294,0.14378536318603785
425,rd_out/uni/MB_1_A0.0700_C0.279,rd_out/uni/MB_1_A0.0700_C0.279_02000.png,0.07,0.2793103448275862,0.6529761904761905,0.5514591660707306
426,rd_out/uni/MB_1_A0.0724_C0.279,rd_out/uni/MB_1_A0.0724_C0.279_02000.png,0.07241379310344828,0.2793103448275862,0.694359410430839,0.3409208992210494
427,rd_out/uni/MB_1_A0.0748_C0.279,rd_out/uni/MB_1_A0.0748_C0.279_02000.png,0.07482758620689656,0.2793103448275862,0.7327267573696146,0.23782493028058735
428,rd_out/uni/MB_1_A0.0772_C0.279,rd_out/uni/MB_1_A0.0772_C0.279_02000.png,0.07724137931034482,0.2793103448275862,0.7671371882086168,0.21945124131259552
429,rd_out/uni/MB_1_A0.0797_C0.279,rd_out/uni/MB_1_A0.0797_C0.279_02000.png,0.07965517241379311,0.2793103448275862,0.7949092970521542,0.1663798655318499
430,rd_out/uni/MB_1_A0.0821_C0.279,rd_out/uni/MB_1_A0.0821_C0.279_02000.png,0.08206896551724137,0.2793103448275862,0.8207369614512472,0.1455720401127607
431,rd_out/uni/MB_1_A0.0700_C0.297,rd_out/uni/MB_1_A0.0700_C0.297_02000.png,0.07,0.2965517241379311,0.6992913832199547,0.3065873857291069
432,rd_out/uni/MB_1_A0.0724_C0.297,rd_out/uni/MB_1_A0.0724_C0.297_02000.png,0.07241379310344828,0.2965517241379311,0.7379761904761905,0.19455599321899752
433,rd_out/uni/MB_1_A0.0748_C0.297,rd_out/uni/MB_1_A0.0748_C0.297_02000.png,0.07482758620689656,0.2965517241379311,0.7700226757369614,0.1847902647472021
434,rd_out/uni/MB_1_A0.0772_C0.297,rd_out/uni/MB_1_A0.0772_C0.297_02000.png,0.07724137931034482,0.2965517241379311,0.7967857142857142,0.16490107670223664
435,rd_out/uni/MB_1_A0.0797_C0.297,rd_out/uni/MB_1_A0.0797_C0.297_02000.png,0.07965517241379311,0.2965517241379311,0.8305272108843538,0.13362655764163978
436,rd_out/uni/MB_1_A0.0700_C0.314,rd_out/uni/MB_1_A0.0700_C0.314_02000.png,0.07,0.3137931034482758,0.7353741496598639,0.2279744137195423
437,rd_out/uni/MB_1_A0.0724_C0.314,rd_out/uni/MB_1_A0.0724_C0.314_02000.png,0.07241379310344828,0.3137931034482758,0.7819557823129252,0.15834455323299124
438,rd_out/uni/MB_1_A0.0748_C0.314,rd_out/uni/MB_1_A0.0748_C0.314_02000.png,0.07482758620689656,0.3137931034482758,0.8085204081632653,0.163541863484034
439,rd_out/uni/MB_1_A0.0772_C0.314,rd_out/uni/MB_1_A0.0772_C0.314_02000.png,0.07724137931034482,0.3137931034482758,0.8449546485260772,0.1422305040583538
440,rd_out/uni/MB_1_A0.0700_C0.331,rd_out/uni/MB_1_A0.0700_C0.331_02000.png,0.07,0.3310344827586207,0.7565419501133788,0.31771437870585084
441,rd_out/uni/MB_1_A0.0724_C0.331,rd_out/uni/MB_1_A0.0724_C0.331_02000.png,0.07241379310344828,0.3310344827586207,0.8090646258503401,0.17802783288814528
442,rd_out/uni/MB_1_A0.0748_C0.331,rd_out/uni/MB_1_A0.0748_C0.331_02000.png,0.07482758620689656,0.3310344827586207,0.8487301587301587,0.14737225630284034
443,rd_out/uni/MB_1_A0.0700_C0.348,rd_out/uni/MB_1_A0.0700_C0.348_02000.png,0.07,0.34827586206896555,0.8024206349206349,0.2022907495069656
444,rd_out/uni/MB_1_A0.0724_C0.348,rd_out/uni/MB_1_A0.0724_C0.348_02000.png,0.07241379310344828,0.34827586206896555,0.8660090702947846,0.15232656022449054
445,rd_out/uni/MB_1_A0.0700_C0.366,rd_out/uni/MB_1_A0.0700_C0.366_02000.png,0.07,0.3655172413793103,0.8615079365079364,0.16318651997558775
